asset,is_core,r2_base,r2_aug,delta_r2,f_pvalue,nobs,beta_FED_DELTA,p_FED_DELTA,beta_GDP_DELTA,p_GDP_DELTA,beta_UNEMPLOYMENT_DELTA,p_UNEMPLOYMENT_DELTA,beta_INF_MONTHLY_DELTA,p_INF_MONTHLY_DELTA
BTC,True,0.009005,0.01103,0.002025,0.7696,2289,-0.000231,0.7402,-0.000481,0.818,-0.047313,0.3071,-0.010037,0.503
Gold,True,0.00623,0.008899,0.002669,0.4656,2284,-9e-05,0.6678,-0.000344,0.7127,-0.027026,0.0885,-0.006111,0.5368
Oil,True,0.001843,0.009139,0.007296,0.0495,2275,0.001275,0.0456,-0.000111,0.9211,0.038289,0.2181,0.031927,0.0633
SPY,True,0.200527,0.201868,0.00134,0.9003,1629,0.000183,0.6111,-0.000745,0.4168,0.006897,0.7572,-0.005498,0.6524
QQQ,False,0.203722,0.20492,0.001197,0.8813,1629,0.000306,0.4695,-0.000664,0.5624,-0.002064,0.9384,-0.009405,0.4847
SP500_fut,False,0.010537,0.014221,0.003684,0.5459,2270,0.00021,0.5941,0.000178,0.7917,-0.02476,0.2425,-0.007777,0.38
