asset,is_core,r2_base,r2_aug,delta_r2,f_pvalue,nobs,beta_FED_DELTA,p_FED_DELTA,beta_GDP_DELTA,p_GDP_DELTA,beta_UNEMPLOYMENT_DELTA,p_UNEMPLOYMENT_DELTA,beta_INF_MONTHLY_DELTA,p_INF_MONTHLY_DELTA
BTC,True,0.008534,0.010472,0.001938,0.7724,2247,-0.000175,0.8069,-0.000445,0.8315,-0.046812,0.3092,-0.010625,0.4789
Gold,True,0.006336,0.009,0.002664,0.4245,2242,-0.000101,0.6425,-0.000456,0.6271,-0.027396,0.0854,-0.006889,0.4852
Oil,True,0.002045,0.010609,0.008564,0.0381,2233,0.001355,0.0383,-9.5e-05,0.9319,0.038759,0.2146,0.033194,0.0546
SPY,True,0.203767,0.205208,0.001441,0.8905,1599,0.0002,0.5853,-0.000707,0.4445,0.006397,0.7748,-0.007298,0.5625
QQQ,False,0.208496,0.209906,0.00141,0.8445,1599,0.000338,0.4303,-0.000642,0.5777,-0.002402,0.9285,-0.011207,0.4179
SP500_fut,False,0.011146,0.014714,0.003568,0.5392,2228,0.000178,0.6559,0.000279,0.6815,-0.024341,0.2485,-0.00786,0.375
