asset,is_core,r2_base,r2_aug,delta_r2,f_pvalue,nobs,beta_FED_DELTA,p_FED_DELTA,beta_GDP_DELTA,p_GDP_DELTA,beta_UNEMPLOYMENT_DELTA,p_UNEMPLOYMENT_DELTA,beta_INF_MONTHLY_DELTA,p_INF_MONTHLY_DELTA
BTC,True,0.008485,0.010642,0.002157,0.7606,2268,-0.000237,0.7342,-0.000478,0.819,-0.047429,0.305,-0.010358,0.489
Gold,True,0.007479,0.010491,0.003012,0.4132,2264,-0.000118,0.5767,-0.000459,0.6235,-0.027448,0.0862,-0.006883,0.4876
Oil,True,0.001583,0.008928,0.007345,0.0536,2254,0.001295,0.0419,-0.000204,0.8548,0.033301,0.3107,0.032245,0.0622
SPY,True,0.203151,0.204579,0.001429,0.8835,1614,0.000188,0.6003,-0.000732,0.4271,0.006944,0.7561,-0.00722,0.5641
QQQ,False,0.207376,0.208752,0.001376,0.8365,1614,0.000323,0.4428,-0.000685,0.5513,-0.001968,0.9414,-0.011382,0.4094
SP500_fut,False,0.008305,0.012193,0.003888,0.5477,2249,0.000215,0.5834,0.00023,0.7337,-0.024866,0.2457,-0.007626,0.3875
