asset,is_core,r2_base,r2_aug,delta_r2,f_pvalue,nobs,beta_FED_DELTA,p_FED_DELTA,beta_GDP_DELTA,p_GDP_DELTA,beta_UNEMPLOYMENT_DELTA,p_UNEMPLOYMENT_DELTA,beta_INF_MONTHLY_DELTA,p_INF_MONTHLY_DELTA
BTC,True,0.008232,0.009811,0.001579,0.8568,2294,-0.000193,0.78,-0.000561,0.7864,-0.032808,0.4424,-0.010107,0.4954
Gold,True,0.007725,0.010133,0.002409,0.5295,2323,-0.000113,0.5893,-0.000382,0.6829,-0.024293,0.126,-0.006103,0.5377
Oil,True,0.001265,0.007843,0.006578,0.0638,2296,0.001273,0.0424,-4.3e-05,0.9694,0.028782,0.3664,0.031679,0.0665
SPY,True,0.198508,0.199861,0.001353,0.8739,1658,0.000188,0.5914,-0.000796,0.3834,0.008914,0.6813,-0.005141,0.671
QQQ,False,0.20281,0.20404,0.00123,0.8667,1658,0.000348,0.3983,-0.000698,0.5402,0.002239,0.9318,-0.008719,0.5135
SP500_fut,False,0.007468,0.011382,0.003913,0.4942,2309,0.000284,0.4652,1.1e-05,0.987,-0.025167,0.24,-0.008421,0.3373
