asset,is_core,r2_base,r2_aug,delta_r2,f_pvalue,nobs,beta_FED_DELTA,p_FED_DELTA,beta_GDP_DELTA,p_GDP_DELTA,beta_UNEMPLOYMENT_DELTA,p_UNEMPLOYMENT_DELTA,beta_INF_MONTHLY_DELTA,p_INF_MONTHLY_DELTA
BTC,True,0.008195,0.010355,0.00216,0.7775,2198,-0.000135,0.8532,-0.000537,0.7964,-0.047828,0.3092,-0.010572,0.489
Gold,True,0.005491,0.009012,0.003521,0.2656,2193,-0.000136,0.5258,-0.00057,0.5434,-0.029414,0.0707,-0.010228,0.2797
Oil,True,0.002756,0.01236,0.009605,0.0286,2184,0.001399,0.0345,-6.1e-05,0.9562,0.043915,0.1774,0.033892,0.051
SPY,True,0.203188,0.204712,0.001523,0.9005,1564,0.000207,0.5843,-0.000749,0.4207,0.006628,0.7778,-0.005999,0.6275
QQQ,False,0.206408,0.207998,0.00159,0.8463,1564,0.000389,0.3765,-0.000728,0.5282,0.002608,0.9246,-0.009568,0.4752
SP500_fut,False,0.012306,0.015662,0.003356,0.5053,2179,0.000167,0.679,0.00021,0.7527,-0.025884,0.2324,-0.008306,0.3521
