asset,is_core,r2_base,r2_aug,delta_r2,f_pvalue,nobs,beta_FED_DELTA,p_FED_DELTA,beta_GDP_DELTA,p_GDP_DELTA,beta_UNEMPLOYMENT_DELTA,p_UNEMPLOYMENT_DELTA,beta_INF_MONTHLY_DELTA,p_INF_MONTHLY_DELTA
BTC,True,0.00796,0.01032,0.00236,0.7934,2121,-8.3e-05,0.9101,-0.000538,0.796,-0.048348,0.3129,-0.010081,0.5099
Gold,True,0.006621,0.010065,0.003444,0.3152,2116,-9.2e-05,0.6678,-0.000589,0.5303,-0.02759,0.0838,-0.010261,0.2798
Oil,True,0.003303,0.013147,0.009844,0.033,2107,0.001393,0.0351,-6.4e-05,0.9538,0.037575,0.2376,0.034091,0.0503
SPY,True,0.204576,0.206053,0.001477,0.8984,1509,0.000208,0.5813,-0.000779,0.4057,0.00675,0.7783,-0.005521,0.6528
QQQ,False,0.208322,0.209832,0.00151,0.8512,1509,0.000383,0.3833,-0.000784,0.4991,0.003803,0.8924,-0.00882,0.5057
SP500_fut,False,0.012217,0.015915,0.003698,0.5289,2102,0.000181,0.6539,0.000198,0.7659,-0.025873,0.2321,-0.007854,0.3801
