pm_signal,asset,optimal_h,beta_optimal,p_optimal
FED_DELTA,Gold_chg,2,-0.00021115762716710719,0.04637125395836424
FED_DELTA,SPY_chg,3,0.0011307099695719099,0.049114457839509705
GDP_DELTA,BTC_chg,4,0.0009830378531922393,0.09567687279296894
GDP_DELTA,Gold_chg,6,-0.000995660569461856,0.07182226195458703
GDP_DELTA,Oil_chg,2,0.0018536747088943807,0.04662319582737046
INF_MONTHLY_DELTA,Oil_chg,5,0.04894135002946239,0.01723523159854798
UNEMPLOYMENT_DELTA,Gold_chg,2,0.02619452810510115,0.08584717804406274
UNEMPLOYMENT_DELTA,SPY_chg,6,-0.03087817888304919,0.0354416642661791
