asset,is_core,r2_base,r2_aug,delta_r2,f_pvalue,nobs,beta_FED_DELTA,p_FED_DELTA,beta_GDP_DELTA,p_GDP_DELTA,beta_UNEMPLOYMENT_DELTA,p_UNEMPLOYMENT_DELTA,beta_INF_MONTHLY_DELTA,p_INF_MONTHLY_DELTA
BTC,True,0.008896,0.01091,0.002014,0.7554,2352,-0.000165,0.8094,-0.000498,0.8113,-0.047926,0.295,-0.010812,0.4722
Gold,True,0.0066,0.009068,0.002468,0.4389,2347,-0.000101,0.625,-0.000416,0.6562,-0.027406,0.0855,-0.006123,0.5347
Oil,True,0.00149,0.00777,0.00628,0.0528,2338,0.00127,0.0433,-0.000105,0.925,0.035846,0.2395,0.031932,0.0633
SPY,True,0.200837,0.202268,0.001431,0.8605,1674,0.000222,0.5221,-0.000831,0.3613,0.006428,0.7679,-0.005175,0.6689
QQQ,False,0.203433,0.204717,0.001284,0.8282,1674,0.000373,0.3629,-0.000767,0.4992,-0.002506,0.9238,-0.008799,0.5081
SP500_fut,False,0.010317,0.013786,0.003469,0.55,2333,0.00025,0.521,0.000117,0.8624,-0.023213,0.2673,-0.008232,0.3518
