pm_signal,asset,optimal_h,beta_optimal,p_optimal
FED_DELTA,Gold_chg,2,-0.0001833901259006569,0.08391925300916268
FED_DELTA,SPY_chg,3,0.001118554735076425,0.03872020025106582
GDP_DELTA,Gold_chg,6,-0.0009988100090384676,0.07081127905058705
GDP_DELTA,Oil_chg,2,0.0018894047646705766,0.04277185304351792
UNEMPLOYMENT_DELTA,BTC_chg,3,-0.021463345851253646,0.09680146353237558
UNEMPLOYMENT_DELTA,Gold_chg,2,0.026224835400917686,0.08482640164003008
UNEMPLOYMENT_DELTA,SPY_chg,6,-0.031330968356218694,0.030625189447184176
