asset,is_core,r2_base,r2_aug,delta_r2,f_pvalue,nobs,beta_FED_DELTA,p_FED_DELTA,beta_GDP_DELTA,p_GDP_DELTA,beta_UNEMPLOYMENT_DELTA,p_UNEMPLOYMENT_DELTA,beta_INF_MONTHLY_DELTA,p_INF_MONTHLY_DELTA
BTC,True,0.008859,0.010948,0.002089,0.7427,2254,-0.000265,0.705,-0.000469,0.8225,-0.047183,0.3065,-0.011016,0.4625
Gold,True,0.006234,0.008951,0.002717,0.433,2249,-9.2e-05,0.6644,-0.000444,0.6363,-0.027336,0.0859,-0.006744,0.4953
Oil,True,0.002086,0.010225,0.008139,0.0413,2240,0.001326,0.0387,-0.000129,0.9077,0.038655,0.2153,0.032455,0.0599
SPY,True,0.203802,0.20524,0.001438,0.8858,1604,0.000192,0.5928,-0.000722,0.4347,0.006472,0.7721,-0.007383,0.5575
QQQ,False,0.208582,0.209987,0.001405,0.8372,1604,0.000326,0.4396,-0.00067,0.5603,-0.002245,0.9331,-0.011532,0.4061
SP500_fut,False,0.011246,0.014766,0.00352,0.5394,2235,0.00018,0.6465,0.000275,0.6862,-0.024318,0.2491,-0.007882,0.3733
