asset,is_core,r2_base,r2_aug,delta_r2,f_pvalue,nobs,beta_FED_DELTA,p_FED_DELTA,beta_GDP_DELTA,p_GDP_DELTA,beta_UNEMPLOYMENT_DELTA,p_UNEMPLOYMENT_DELTA,beta_INF_MONTHLY_DELTA,p_INF_MONTHLY_DELTA
BTC,True,0.00764,0.009307,0.001667,0.8568,2196,-0.00019,0.7941,-0.000611,0.7667,-0.033322,0.4482,-0.010269,0.4908
Gold,True,0.006841,0.01003,0.003189,0.4063,2225,-0.000159,0.4653,-0.000476,0.612,-0.026505,0.1025,-0.007222,0.4668
Oil,True,0.002381,0.01178,0.009398,0.0422,2198,0.001409,0.0331,-6.2e-05,0.9553,0.036961,0.2788,0.03241,0.0615
SPY,True,0.200718,0.202136,0.001418,0.8826,1588,0.000181,0.6304,-0.000764,0.4107,0.009169,0.6943,-0.006928,0.5815
QQQ,False,0.206868,0.208502,0.001635,0.8346,1588,0.000368,0.3989,-0.000722,0.5329,0.007755,0.7776,-0.011172,0.4187
SP500_fut,False,0.008537,0.012623,0.004086,0.4865,2211,0.000204,0.611,0.000139,0.835,-0.027964,0.2062,-0.007876,0.3714
