pm_signal,asset,optimal_h,beta_optimal,p_optimal
FED_DELTA,Gold_chg,2,-0.00022045786845348615,0.03878308360272405
FED_DELTA,SPY_chg,3,0.0011384811480742766,0.04867097397816011
GDP_DELTA,BTC_chg,4,0.001005640405655202,0.08810614650841578
GDP_DELTA,Gold_chg,6,-0.0011612122793832843,0.03807867042673807
GDP_DELTA,Oil_chg,2,0.001803680790709086,0.054221511842457756
INF_MONTHLY_DELTA,Oil_chg,5,0.04895759324101627,0.017296450944568036
UNEMPLOYMENT_DELTA,Gold_chg,2,0.02361658525390998,0.07252349809409069
UNEMPLOYMENT_DELTA,Oil_chg,5,-0.07460722781901685,0.09541566281992563
UNEMPLOYMENT_DELTA,SPY_chg,6,-0.030496043007534075,0.039818927099076265
