pm_signal,asset,optimal_h,beta_optimal,p_optimal
FED_DELTA,Gold_chg,2,-0.00022187754054070442,0.038000910829602746
FED_DELTA,SPY_chg,1,0.0009866886764695266,0.051672151054032216
GDP_DELTA,BTC_chg,4,0.0009790998455453334,0.09742763851935755
GDP_DELTA,Gold_chg,6,-0.001019172070655422,0.06591742854812446
GDP_DELTA,Oil_chg,2,0.001858882233027973,0.0462951732567088
INF_MONTHLY_DELTA,Oil_chg,5,0.049339818535876066,0.01639236406494
UNEMPLOYMENT_DELTA,Gold_chg,2,0.02619452810510115,0.08584717804406274
UNEMPLOYMENT_DELTA,SPY_chg,6,-0.03087817888304919,0.0354416642661791
