asset,is_core,r2_base,r2_aug,delta_r2,f_pvalue,nobs,beta_FED_DELTA,p_FED_DELTA,beta_GDP_DELTA,p_GDP_DELTA,beta_UNEMPLOYMENT_DELTA,p_UNEMPLOYMENT_DELTA,beta_INF_MONTHLY_DELTA,p_INF_MONTHLY_DELTA
BTC,True,0.00902,0.011138,0.002118,0.765,2275,-0.000226,0.746,-0.000468,0.8226,-0.047177,0.3076,-0.010394,0.4882
Gold,True,0.006142,0.008877,0.002735,0.4473,2270,-9.1e-05,0.6676,-0.000341,0.7156,-0.027583,0.0842,-0.006429,0.5164
Oil,True,0.001808,0.009103,0.007294,0.0526,2261,0.001284,0.044,-0.000164,0.8837,0.037817,0.2219,0.031324,0.0692
SPY,True,0.202564,0.20388,0.001315,0.8971,1619,0.000186,0.6047,-0.000748,0.4168,0.006939,0.7556,-0.005705,0.6408
QQQ,False,0.206783,0.208,0.001217,0.87,1619,0.000317,0.4531,-0.000703,0.5405,-0.002163,0.9354,-0.009376,0.4855
SP500_fut,False,0.01051,0.014301,0.003792,0.5484,2256,0.000205,0.6026,0.000214,0.7525,-0.024641,0.2443,-0.007704,0.3845
