asset,is_core,r2_base,r2_aug,delta_r2,f_pvalue,nobs,beta_FED_DELTA,p_FED_DELTA,beta_GDP_DELTA,p_GDP_DELTA,beta_UNEMPLOYMENT_DELTA,p_UNEMPLOYMENT_DELTA,beta_INF_MONTHLY_DELTA,p_INF_MONTHLY_DELTA
BTC,True,0.007985,0.010076,0.002092,0.7652,2226,-0.00014,0.8472,-0.000537,0.7965,-0.048171,0.3065,-0.011001,0.468
Gold,True,0.005349,0.00853,0.003181,0.3314,2221,-0.000145,0.5005,-0.000484,0.6058,-0.029926,0.066,-0.006869,0.4867
Oil,True,0.002374,0.01117,0.008795,0.029,2212,0.001414,0.0331,-0.00015,0.8922,0.044447,0.1714,0.033555,0.0524
SPY,True,0.203476,0.205016,0.00154,0.8817,1584,0.000203,0.5904,-0.000763,0.4121,0.006715,0.7743,-0.007421,0.558
QQQ,False,0.208283,0.209883,0.0016,0.8217,1584,0.000382,0.3826,-0.000717,0.5353,0.003046,0.9118,-0.011649,0.4019
SP500_fut,False,0.011037,0.014783,0.003746,0.5104,2207,0.000165,0.6831,0.000256,0.7031,-0.026153,0.2251,-0.007832,0.377
