asset,is_core,r2_base,r2_aug,delta_r2,f_pvalue,nobs,beta_FED_DELTA,p_FED_DELTA,beta_GDP_DELTA,p_GDP_DELTA,beta_UNEMPLOYMENT_DELTA,p_UNEMPLOYMENT_DELTA,beta_INF_MONTHLY_DELTA,p_INF_MONTHLY_DELTA
BTC,True,0.011746,0.013304,0.001559,0.873,2000,0.000162,0.7753,-0.001938,0.3778,-0.022082,0.6953,-0.005974,0.6634
Gold,True,0.003591,0.006273,0.002682,0.5772,1994,1.9e-05,0.9441,-0.001043,0.3225,-0.035136,0.1676,0.00466,0.6201
Oil,True,0.003315,0.010169,0.006854,0.0797,1985,0.000971,0.1929,-0.000639,0.641,0.040483,0.5102,0.05901,0.0224
SPY,True,0.01516,0.017822,0.002662,0.7892,1659,9e-05,0.815,-0.001085,0.2172,-0.01163,0.6586,0.00025,0.9845
QQQ,False,0.015759,0.018057,0.002298,0.7776,1660,0.000211,0.6451,-0.001074,0.3055,-0.02363,0.4663,-0.001938,0.8907
SP500_fut,False,0.013513,0.018516,0.005003,0.2009,1982,0.000457,0.3091,-0.000262,0.6883,-0.040026,0.1773,-0.018378,0.0771
