asset,is_core,r2_base,r2_aug,delta_r2,f_pvalue,nobs,beta_FED_DELTA,p_FED_DELTA,beta_GDP_DELTA,p_GDP_DELTA,beta_UNEMPLOYMENT_DELTA,p_UNEMPLOYMENT_DELTA,beta_INF_MONTHLY_DELTA,p_INF_MONTHLY_DELTA
BTC,True,0.008986,0.011044,0.002058,0.7724,2310,-0.000161,0.8165,-0.000482,0.8176,-0.047499,0.3008,-0.010288,0.4943
Gold,True,0.006392,0.008859,0.002467,0.4433,2305,-0.000107,0.6092,-0.000345,0.7112,-0.027462,0.084,-0.005953,0.5464
Oil,True,0.00161,0.008039,0.00643,0.054,2296,0.001269,0.044,-0.000126,0.9102,0.035739,0.2404,0.031757,0.0654
SPY,True,0.200402,0.201764,0.001363,0.8936,1644,0.000204,0.5612,-0.000746,0.416,0.006642,0.7606,-0.005401,0.657
QQQ,False,0.203275,0.20455,0.001275,0.8579,1644,0.000353,0.3936,-0.000659,0.5649,-0.002103,0.9361,-0.009273,0.4899
SP500_fut,False,0.010551,0.014198,0.003647,0.5678,2291,0.000218,0.5758,0.000183,0.7866,-0.023484,0.2593,-0.007756,0.3815
