asset,is_core,r2_base,r2_aug,delta_r2,f_pvalue,nobs,beta_FED_DELTA,p_FED_DELTA,beta_GDP_DELTA,p_GDP_DELTA,beta_UNEMPLOYMENT_DELTA,p_UNEMPLOYMENT_DELTA,beta_INF_MONTHLY_DELTA,p_INF_MONTHLY_DELTA
BTC,True,0.007594,0.009505,0.001911,0.8716,2105,-0.000144,0.8453,-0.00062,0.7633,-0.033767,0.4503,-0.009817,0.5143
Gold,True,0.008756,0.012263,0.003507,0.3767,2134,-0.00011,0.6148,-0.000598,0.5234,-0.024045,0.1289,-0.01071,0.2617
Oil,True,0.002841,0.012729,0.009888,0.0406,2107,0.001382,0.0361,4e-05,0.9709,0.030517,0.358,0.034351,0.0494
SPY,True,0.202306,0.203722,0.001416,0.8922,1523,0.000191,0.6136,-0.000779,0.4051,0.009227,0.6989,-0.005649,0.6453
QQQ,False,0.207516,0.209094,0.001578,0.8483,1523,0.000376,0.3902,-0.000785,0.4989,0.008638,0.758,-0.009015,0.4974
SP500_fut,False,0.0092,0.013373,0.004174,0.4765,2120,0.000218,0.5856,7.3e-05,0.9121,-0.027836,0.2095,-0.008258,0.3515
