pm_signal,asset,optimal_h,beta_optimal,p_optimal
FED_DELTA,Gold_chg,2,-0.0003107689441734807,0.09303854199586495
FED_DELTA,SPY_chg,1,0.0010376673659781633,0.04493282063134828
GDP_DELTA,Gold_chg,6,-0.0009875838441993628,0.07463918988017498
GDP_DELTA,Oil_chg,2,0.001934035361913719,0.03820360410216356
INF_MONTHLY_DELTA,Gold_chg,2,-0.007241722728011846,0.06851318757721689
INF_MONTHLY_DELTA,Oil_chg,5,0.04869655844315148,0.02072121738539235
UNEMPLOYMENT_DELTA,BTC_chg,3,-0.024226740688588776,0.08128088458605134
UNEMPLOYMENT_DELTA,Gold_chg,2,0.02528630438487751,0.09747548980939501
UNEMPLOYMENT_DELTA,SPY_chg,6,-0.032382170872996774,0.02693508805551207
