asset,is_core,r2_base,r2_aug,delta_r2,f_pvalue,nobs,beta_FED_DELTA,p_FED_DELTA,beta_GDP_DELTA,p_GDP_DELTA,beta_UNEMPLOYMENT_DELTA,p_UNEMPLOYMENT_DELTA,beta_INF_MONTHLY_DELTA,p_INF_MONTHLY_DELTA
BTC,True,0.007437,0.009208,0.001771,0.9446,2077,-0.000152,0.8359,-0.000674,0.7436,-0.035572,0.4309,-0.000838,0.9535
Gold,True,0.009068,0.012238,0.00317,0.4804,2106,-0.00011,0.6172,-0.000608,0.518,-0.024605,0.1216,-0.006907,0.4526
Oil,True,0.002975,0.011459,0.008484,0.1394,2079,0.001408,0.0346,0.000172,0.8746,0.030401,0.3618,0.016268,0.2194
SPY,True,0.202597,0.204728,0.002131,0.3054,1503,0.000182,0.6308,-0.000819,0.3828,0.00731,0.7594,0.013322,0.0795
QQQ,False,0.208109,0.210108,0.001999,0.416,1503,0.000365,0.4038,-0.000828,0.4771,0.005944,0.8326,0.01398,0.1532
SP500_fut,False,0.00936,0.013281,0.003922,0.7442,2092,0.000209,0.5985,4.7e-05,0.9438,-0.029018,0.1921,0.002787,0.7464
