asset,is_core,r2_base,r2_aug,delta_r2,f_pvalue,nobs,beta_FED_DELTA,p_FED_DELTA,beta_GDP_DELTA,p_GDP_DELTA,beta_UNEMPLOYMENT_DELTA,p_UNEMPLOYMENT_DELTA,beta_INF_MONTHLY_DELTA,p_INF_MONTHLY_DELTA
BTC,True,0.007973,0.01033,0.002357,0.7762,2156,-8.5e-05,0.908,-0.00055,0.7913,-0.048461,0.3048,-0.010609,0.488
Gold,True,0.00631,0.010005,0.003695,0.2648,2151,-0.000111,0.6061,-0.000575,0.5399,-0.029984,0.0662,-0.010344,0.2726
Oil,True,0.002922,0.013119,0.010197,0.0271,2142,0.001412,0.0328,-6.6e-05,0.9525,0.042936,0.1885,0.034127,0.05
SPY,True,0.204206,0.205701,0.001494,0.8951,1534,0.000207,0.5831,-0.000789,0.3985,0.007329,0.755,-0.005319,0.6628
QQQ,False,0.207687,0.209223,0.001536,0.8514,1534,0.000386,0.379,-0.000792,0.4941,0.004077,0.8823,-0.008533,0.5168
SP500_fut,False,0.012152,0.015929,0.003777,0.4992,2137,0.000179,0.6566,0.000196,0.7685,-0.026356,0.2192,-0.008118,0.3628
