asset,is_core,r2_base,r2_aug,delta_r2,f_pvalue,nobs,beta_FED_DELTA,p_FED_DELTA,beta_GDP_DELTA,p_GDP_DELTA,beta_UNEMPLOYMENT_DELTA,p_UNEMPLOYMENT_DELTA,beta_INF_MONTHLY_DELTA,p_INF_MONTHLY_DELTA
BTC,True,0.007742,0.009917,0.002175,0.8665,2056,-0.000115,0.8808,-0.000652,0.7516,-0.034856,0.4393,-0.009898,0.5121
Gold,True,0.009417,0.012939,0.003522,0.3782,2085,-0.000122,0.5882,-0.000578,0.5394,-0.024533,0.1233,-0.010341,0.2756
Oil,True,0.003015,0.012656,0.009642,0.0676,2058,0.001265,0.0569,0.000195,0.8586,0.02846,0.3861,0.032766,0.0609
SPY,True,0.202815,0.204267,0.001453,0.8702,1488,0.000208,0.6012,-0.000852,0.3605,0.009608,0.6896,-0.005422,0.6596
QQQ,False,0.20805,0.209768,0.001718,0.8191,1488,0.000421,0.3573,-0.000881,0.4454,0.008956,0.7515,-0.008835,0.5083
SP500_fut,False,0.009562,0.013899,0.004337,0.4842,2071,0.000235,0.5723,4.8e-05,0.9426,-0.028286,0.2054,-0.007926,0.3733
