pm_signal,asset,optimal_h,beta_optimal,p_optimal
FED_DELTA,Gold_chg,2,-0.0003138990092599674,0.08996728415401803
FED_DELTA,SPY_chg,1,0.001018382514148617,0.04721811412955695
GDP_DELTA,Gold_chg,6,-0.0011254315110840237,0.04435533593456487
GDP_DELTA,Oil_chg,2,0.0017827230411286738,0.05602820116984203
INF_MONTHLY_DELTA,Gold_chg,2,-0.0074804219341719535,0.05896624393947482
INF_MONTHLY_DELTA,Oil_chg,5,0.04897127230494382,0.019966775155597603
UNEMPLOYMENT_DELTA,Gold_chg,2,0.022419375601579767,0.08338297688402992
UNEMPLOYMENT_DELTA,SPY_chg,6,-0.03198622801734853,0.03055583596344398
