asset,is_core,r2_base,r2_aug,delta_r2,f_pvalue,nobs,beta_FED_DELTA,p_FED_DELTA,beta_GDP_DELTA,p_GDP_DELTA,beta_UNEMPLOYMENT_DELTA,p_UNEMPLOYMENT_DELTA,beta_INF_MONTHLY_DELTA,p_INF_MONTHLY_DELTA
BTC,True,0.00788,0.009974,0.002094,0.7707,2240,-0.000179,0.8045,-0.000517,0.8039,-0.047295,0.3127,-0.010738,0.4764
Gold,True,0.005375,0.00848,0.003106,0.3482,2235,-0.00014,0.5134,-0.000472,0.6144,-0.029303,0.0694,-0.006797,0.4906
Oil,True,0.00228,0.011041,0.008761,0.0307,2226,0.001417,0.0321,-0.000232,0.8344,0.043696,0.1759,0.033008,0.0566
SPY,True,0.203287,0.204831,0.001544,0.8895,1594,0.000204,0.5886,-0.000743,0.4242,0.006266,0.7891,-0.007247,0.565
QQQ,False,0.208279,0.209907,0.001628,0.8271,1594,0.000384,0.3811,-0.000694,0.5484,0.002622,0.9241,-0.011401,0.4088
SP500_fut,False,0.011061,0.0148,0.003739,0.5177,2221,0.000155,0.7004,0.000265,0.6933,-0.02579,0.2296,-0.007781,0.3796
