pm_signal,asset,optimal_h,beta_optimal,p_optimal
FED_DELTA,Gold_chg,2,-0.00031375660025842933,0.08942227161130124
FED_DELTA,SPY_chg,1,0.0010180039379615736,0.0485300089451419
GDP_DELTA,Gold_chg,6,-0.0009875947834426342,0.07443301995174471
GDP_DELTA,Oil_chg,2,0.0019194554120813894,0.039710588956767226
INF_MONTHLY_DELTA,Oil_chg,5,0.04932425129415634,0.017096755360868354
UNEMPLOYMENT_DELTA,BTC_chg,3,-0.023176409516091748,0.08673108789549511
UNEMPLOYMENT_DELTA,Gold_chg,2,0.024523494803170655,0.09543366972466402
UNEMPLOYMENT_DELTA,SPY_chg,6,-0.0320600169690488,0.027615891646800953
