asset,is_core,r2_base,r2_aug,delta_r2,f_pvalue,nobs,beta_FED_DELTA,p_FED_DELTA,beta_GDP_DELTA,p_GDP_DELTA,beta_UNEMPLOYMENT_DELTA,p_UNEMPLOYMENT_DELTA,beta_INF_MONTHLY_DELTA,p_INF_MONTHLY_DELTA
BTC,True,0.008896,0.01091,0.002014,0.7554,2352,-0.000165,0.8094,-0.000498,0.8113,-0.047926,0.295,-0.010812,0.4722
Gold,True,0.006652,0.009089,0.002437,0.4434,2347,-9.6e-05,0.6421,-0.000416,0.6557,-0.02737,0.086,-0.006127,0.5345
Oil,True,0.001493,0.007772,0.00628,0.0525,2338,0.001272,0.043,-0.000105,0.9248,0.035859,0.2394,0.03193,0.0633
SPY,True,0.200837,0.202268,0.001431,0.8605,1674,0.000222,0.5221,-0.000831,0.3613,0.006428,0.7679,-0.005175,0.6689
QQQ,False,0.203433,0.204717,0.001284,0.8282,1674,0.000373,0.3629,-0.000767,0.4992,-0.002506,0.9238,-0.008799,0.5081
SP500_fut,False,0.010315,0.013779,0.003464,0.5499,2333,0.00025,0.5193,0.000116,0.8626,-0.023205,0.2675,-0.008232,0.3517
