pm_signal,asset,optimal_h,beta_optimal,p_optimal
FED_DELTA,Gold_chg,2,-0.00022068539127467044,0.03951207235183677
FED_DELTA,SPY_chg,3,0.0011267617342602923,0.05504523024330662
GDP_DELTA,BTC_chg,4,0.0009774684606372423,0.09802912675012296
GDP_DELTA,Gold_chg,6,-0.0010174905590819758,0.06637856616516233
GDP_DELTA,Oil_chg,2,0.0018550924063580182,0.046780732963313365
INF_MONTHLY_DELTA,Oil_chg,5,0.04936731592321014,0.01671597772526673
UNEMPLOYMENT_DELTA,BTC_chg,3,-0.021640556259294598,0.09618996814640024
UNEMPLOYMENT_DELTA,Gold_chg,2,0.02499637948480435,0.09039289671713738
UNEMPLOYMENT_DELTA,SPY_chg,6,-0.0320600169690488,0.027615891646800953
