asset,is_core,r2_base,r2_aug,delta_r2,f_pvalue,nobs,beta_FED_DELTA,p_FED_DELTA,beta_GDP_DELTA,p_GDP_DELTA,beta_UNEMPLOYMENT_DELTA,p_UNEMPLOYMENT_DELTA,beta_INF_MONTHLY_DELTA,p_INF_MONTHLY_DELTA
BTC,True,0.008106,0.010403,0.002296,0.7914,2184,-0.000134,0.8543,-0.000521,0.8022,-0.047179,0.3162,-0.010112,0.5066
Gold,True,0.005792,0.009084,0.003292,0.3054,2179,-0.00012,0.5754,-0.000564,0.5468,-0.027662,0.0857,-0.010331,0.2745
Oil,True,0.002739,0.012936,0.010197,0.0299,2159,0.001401,0.0359,3e-06,0.9981,0.043511,0.182,0.033705,0.0525
SPY,True,0.204801,0.206243,0.001442,0.904,1555,0.000202,0.593,-0.000769,0.4107,0.006666,0.776,-0.00526,0.6659
QQQ,False,0.207521,0.208987,0.001466,0.8545,1554,0.000385,0.38,-0.000771,0.5062,0.002597,0.9248,-0.008522,0.5174
SP500_fut,False,0.012005,0.015496,0.003491,0.5118,2165,0.000175,0.663,0.000207,0.7561,-0.026046,0.2266,-0.008009,0.369
