asset,is_core,r2_base,r2_aug,delta_r2,f_pvalue,nobs,beta_FED_DELTA,p_FED_DELTA,beta_GDP_DELTA,p_GDP_DELTA,beta_UNEMPLOYMENT_DELTA,p_UNEMPLOYMENT_DELTA,beta_INF_MONTHLY_DELTA,p_INF_MONTHLY_DELTA
BTC,True,0.00812,0.011039,0.002919,0.7727,2058,-0.000111,0.881,-0.00055,0.7917,-0.049363,0.3055,-0.011086,0.4846
Gold,True,0.0074,0.010819,0.003419,0.34,2053,-0.000102,0.6389,-0.000573,0.5436,-0.027849,0.0826,-0.009337,0.3386
Oil,True,0.003316,0.012962,0.009646,0.0534,2044,0.001358,0.0417,8.6e-05,0.9371,0.035689,0.2575,0.032605,0.0715
SPY,True,0.204873,0.206512,0.001639,0.8811,1464,0.000203,0.5961,-0.000846,0.3647,0.006823,0.7774,-0.005529,0.6553
QQQ,False,0.208741,0.210391,0.00165,0.8298,1464,0.000386,0.3853,-0.000873,0.4491,0.003638,0.8977,-0.009264,0.4915
SP500_fut,False,0.012801,0.016756,0.003955,0.5886,2039,0.000172,0.6703,0.000178,0.7891,-0.02659,0.2211,-0.006499,0.4837
