asset,is_core,r2_base,r2_aug,delta_r2,f_pvalue,nobs,beta_FED_DELTA,p_FED_DELTA,beta_GDP_DELTA,p_GDP_DELTA,beta_UNEMPLOYMENT_DELTA,p_UNEMPLOYMENT_DELTA,beta_INF_MONTHLY_DELTA,p_INF_MONTHLY_DELTA
BTC,True,0.008336,0.011357,0.003021,0.7691,2051,-0.000135,0.8565,-0.000546,0.7931,-0.050566,0.2974,-0.010771,0.4966
Gold,True,0.007434,0.010927,0.003492,0.3486,2046,-0.000106,0.6248,-0.000572,0.5441,-0.026887,0.0889,-0.009512,0.3291
Oil,True,0.00324,0.01295,0.00971,0.048,2037,0.001413,0.0353,8.1e-05,0.9407,0.034495,0.272,0.03274,0.0707
SPY,True,0.204816,0.206474,0.001658,0.8811,1459,0.000209,0.59,-0.000844,0.3655,0.006791,0.7785,-0.005522,0.6558
QQQ,False,0.208647,0.210346,0.001698,0.831,1459,0.000394,0.3802,-0.000868,0.452,0.003403,0.9042,-0.009117,0.4974
SP500_fut,False,0.012815,0.016753,0.003938,0.5879,2032,0.000168,0.6794,0.000177,0.7895,-0.026705,0.2195,-0.006457,0.4868
