pm_signal,asset,optimal_h,beta_optimal,p_optimal
FED_DELTA,Gold_chg,2,-0.00021261512290900224,0.044907849515105944
FED_DELTA,SPY_chg,3,0.0011387339492762746,0.047693156603604465
GDP_DELTA,BTC_chg,4,0.00100560144631495,0.0879389158217175
GDP_DELTA,Gold_chg,6,-0.001136826455498979,0.04199718704625071
GDP_DELTA,Oil_chg,2,0.001801372424734885,0.054285571744099786
INF_MONTHLY_DELTA,Oil_chg,5,0.04883789144840397,0.017502464066932698
UNEMPLOYMENT_DELTA,Gold_chg,2,0.02361658525390998,0.07252349809409069
UNEMPLOYMENT_DELTA,Oil_chg,5,-0.07460722781901685,0.09541566281992563
UNEMPLOYMENT_DELTA,SPY_chg,6,-0.030496043007534075,0.039818927099076265
