asset,is_core,r2_base,r2_aug,delta_r2,f_pvalue,nobs,beta_FED_DELTA,p_FED_DELTA,beta_GDP_DELTA,p_GDP_DELTA,beta_UNEMPLOYMENT_DELTA,p_UNEMPLOYMENT_DELTA,beta_INF_MONTHLY_DELTA,p_INF_MONTHLY_DELTA
BTC,True,0.008247,0.010676,0.002429,0.7805,2149,-9.1e-05,0.9008,-0.00054,0.795,-0.048446,0.3058,-0.010449,0.4951
Gold,True,0.006232,0.009995,0.003762,0.2621,2144,-0.000111,0.6051,-0.000588,0.5308,-0.029977,0.0664,-0.010434,0.2696
Oil,True,0.003044,0.013198,0.010154,0.0274,2135,0.001412,0.0327,-2e-05,0.9858,0.04293,0.1889,0.03401,0.0507
SPY,True,0.204262,0.205748,0.001486,0.8964,1529,0.000207,0.5841,-0.000784,0.4016,0.00737,0.7536,-0.005341,0.6616
QQQ,False,0.207808,0.209345,0.001537,0.8497,1529,0.000386,0.3793,-0.000796,0.4917,0.004112,0.8813,-0.008617,0.5132
SP500_fut,False,0.012218,0.015981,0.003763,0.5003,2130,0.000178,0.6582,0.000198,0.7668,-0.026353,0.2192,-0.008094,0.3644
