asset,is_core,r2_base,r2_aug,delta_r2,f_pvalue,nobs,beta_FED_DELTA,p_FED_DELTA,beta_GDP_DELTA,p_GDP_DELTA,beta_UNEMPLOYMENT_DELTA,p_UNEMPLOYMENT_DELTA,beta_INF_MONTHLY_DELTA,p_INF_MONTHLY_DELTA
BTC,True,0.007839,0.009959,0.002121,0.765,2233,-0.000178,0.8059,-0.000531,0.7985,-0.047476,0.3114,-0.010959,0.4682
Gold,True,0.005332,0.008461,0.00313,0.3478,2228,-0.000139,0.5161,-0.000477,0.6111,-0.029386,0.0692,-0.006793,0.4916
Oil,True,0.002325,0.011022,0.008697,0.0285,2219,0.00142,0.0319,-0.000164,0.8827,0.043994,0.1743,0.033537,0.0524
SPY,True,0.203268,0.204821,0.001553,0.8861,1589,0.000203,0.5897,-0.000756,0.4161,0.006015,0.7975,-0.007333,0.5622
QQQ,False,0.208075,0.209682,0.001607,0.824,1589,0.000382,0.3827,-0.00071,0.5394,0.002354,0.9319,-0.011506,0.4068
SP500_fut,False,0.011035,0.014757,0.003722,0.5151,2214,0.000155,0.6998,0.000257,0.7017,-0.025923,0.2279,-0.007816,0.3778
