asset,is_core,r2_base,r2_aug,delta_r2,f_pvalue,nobs,beta_FED_DELTA,p_FED_DELTA,beta_GDP_DELTA,p_GDP_DELTA,beta_UNEMPLOYMENT_DELTA,p_UNEMPLOYMENT_DELTA,beta_INF_MONTHLY_DELTA,p_INF_MONTHLY_DELTA
BTC,True,0.009033,0.011113,0.00208,0.7742,2317,-0.000147,0.8314,-0.000488,0.8152,-0.047454,0.3013,-0.010313,0.4933
Gold,True,0.006376,0.008837,0.002461,0.4485,2312,-9.8e-05,0.6366,-0.000393,0.6739,-0.027325,0.0862,-0.005979,0.5446
Oil,True,0.001616,0.00817,0.006554,0.0551,2303,0.001269,0.0434,-0.000124,0.9112,0.035601,0.2421,0.031596,0.0664
SPY,True,0.200299,0.201698,0.001399,0.882,1649,0.000205,0.5596,-0.000791,0.3861,0.006559,0.7635,-0.005124,0.6722
QQQ,False,0.203132,0.204377,0.001245,0.8559,1649,0.000356,0.3889,-0.000694,0.5422,-0.002231,0.9322,-0.008788,0.5104
SP500_fut,False,0.010459,0.013959,0.0035,0.5527,2298,0.000249,0.5239,0.000127,0.8504,-0.023143,0.2688,-0.008213,0.3535
