pm_signal,asset,optimal_h,beta_optimal,p_optimal
FED_DELTA,Gold_chg,2,-0.00033679033281946985,0.07214066376520747
FED_DELTA,SPY_chg,1,0.0010539259390089494,0.04264190322846875
GDP_DELTA,Gold_chg,6,-0.0011279549509528436,0.04410435362384035
GDP_DELTA,Oil_chg,2,0.0017551189427170556,0.05957604146269652
INF_MONTHLY_DELTA,Gold_chg,2,-0.008073314429374638,0.042493505969226124
INF_MONTHLY_DELTA,Oil_chg,5,0.04752848451963305,0.028228962159469857
UNEMPLOYMENT_DELTA,Gold_chg,2,0.022565084894537853,0.08692520268008289
UNEMPLOYMENT_DELTA,SPY_chg,6,-0.03157878906436624,0.035007058181539964
