asset,is_core,r2_base,r2_aug,delta_r2,f_pvalue,nobs,beta_FED_DELTA,p_FED_DELTA,beta_GDP_DELTA,p_GDP_DELTA,beta_UNEMPLOYMENT_DELTA,p_UNEMPLOYMENT_DELTA,beta_INF_MONTHLY_DELTA,p_INF_MONTHLY_DELTA
BTC,True,0.008243,0.009913,0.001671,0.8488,2236,-0.000261,0.7115,-0.000544,0.7931,-0.031773,0.4582,-0.010266,0.4868
Gold,True,0.006399,0.009201,0.002802,0.4344,2256,-8.8e-05,0.6762,-0.000455,0.6271,-0.027297,0.0861,-0.006711,0.4978
Oil,True,0.001601,0.009277,0.007676,0.0436,2247,0.001324,0.0374,-0.00017,0.8791,0.038412,0.2173,0.031901,0.0652
SPY,True,0.204007,0.205436,0.001429,0.8864,1609,0.000188,0.599,-0.000712,0.441,0.006982,0.7549,-0.007439,0.5541
QQQ,False,0.208225,0.209612,0.001386,0.8405,1609,0.000322,0.4441,-0.000654,0.57,-0.001828,0.9456,-0.011552,0.4049
SP500_fut,False,0.007541,0.011322,0.003781,0.5462,2242,0.000224,0.5676,0.00016,0.8137,-0.024976,0.2455,-0.00778,0.377
