pm_signal,asset,optimal_h,beta_optimal,p_optimal
FED_DELTA,Gold_chg,2,-0.00031207583262770884,0.09137349990642907
FED_DELTA,SPY_chg,1,0.0010340132246235982,0.04557056806533347
GDP_DELTA,Gold_chg,6,-0.0009836340561836109,0.07571407640702377
GDP_DELTA,Oil_chg,2,0.0019186795294744339,0.03971644399738694
INF_MONTHLY_DELTA,Gold_chg,2,-0.0074877564181218305,0.060828449483102176
INF_MONTHLY_DELTA,Oil_chg,5,0.049887224204487574,0.01719203168113173
UNEMPLOYMENT_DELTA,BTC_chg,3,-0.023176409516091748,0.08673108789549511
UNEMPLOYMENT_DELTA,Gold_chg,2,0.024523494803170655,0.09543366972466402
UNEMPLOYMENT_DELTA,SPY_chg,6,-0.0320600169690488,0.027615891646800953
