pm_signal,asset,h,n,beta_pm,p_hc3,r,mean_dir,p_dir
FED_DELTA,Gold_chg,2,726,-0.00018096521097847476,0.08802274044214817,-0.05184452029711062,-7.34280327164456e-05,0.5194910018397951
FED_DELTA,SPY_chg,1,330,0.0008606921329840798,0.07929817607748912,0.14536337285976111,3.3110872536125338e-06,0.9886442098723738
FED_DELTA,SPY_chg,3,310,0.001117565864156523,0.039042458801350044,0.163369852159714,0.0007927437492665817,0.0041948508321538415
GDP_DELTA,Gold_chg,6,646,-0.0009988100090384676,0.07081127905058705,-0.048185018390875356,-5.836802121060211e-05,0.6855167568385105
GDP_DELTA,Oil_chg,2,658,0.0018894047646705766,0.04277185304351792,0.04318073685234067,0.00015377357562325865,0.6168674503959621
GDP_DELTA,Oil_chg,3,648,-0.0011422328256039402,0.05554827795783009,-0.03777002977111734,-0.00022555556150848663,0.2958091738467571
GDP_DELTA,Oil_chg,6,642,0.0017544639635832173,0.08206530194677203,0.04425569512085792,0.00018403463936787193,0.5069047342055004
UNEMPLOYMENT_DELTA,Gold_chg,2,469,0.026211270029623913,0.08582807616292581,0.07103949914140009,0.0004025139349736102,0.07474416688788817
UNEMPLOYMENT_DELTA,SPY_chg,6,147,-0.03087817888304919,0.0354416642661791,-0.10533652649308362,-0.0003613151532218412,0.22909501521492473
