asset,is_core,r2_base,r2_aug,delta_r2,f_pvalue,nobs,beta_FED_DELTA,p_FED_DELTA,beta_GDP_DELTA,p_GDP_DELTA,beta_UNEMPLOYMENT_DELTA,p_UNEMPLOYMENT_DELTA,beta_INF_MONTHLY_DELTA,p_INF_MONTHLY_DELTA
BTC,True,0.008669,0.011172,0.002503,0.4975,2415,-0.000245,0.7092,-0.000453,0.8279,-0.046946,0.2994,-0.016841,0.2059
Gold,True,0.006102,0.008708,0.002605,0.3737,2410,-9.3e-05,0.6405,-0.000397,0.6697,-0.026113,0.0951,-0.007492,0.3421
Oil,True,0.001279,0.009122,0.007843,0.0023,2401,0.001245,0.0392,-0.000256,0.8191,0.033084,0.2695,0.038391,0.0069
SPY,True,0.200177,0.201538,0.001361,0.8818,1719,0.000199,0.5488,-0.000802,0.3793,0.003851,0.8588,-0.005074,0.6687
QQQ,False,0.202329,0.203391,0.001062,0.8713,1719,0.000312,0.4307,-0.000706,0.5363,-0.007211,0.7842,-0.006932,0.5923
SP500_fut,False,0.010251,0.01338,0.003129,0.5415,2396,0.000249,0.5031,0.000125,0.8533,-0.02196,0.2923,-0.00774,0.2811
