asset,is_core,r2_base,r2_aug,delta_r2,f_pvalue,nobs,beta_FED_DELTA,p_FED_DELTA,beta_GDP_DELTA,p_GDP_DELTA,beta_UNEMPLOYMENT_DELTA,p_UNEMPLOYMENT_DELTA,beta_INF_MONTHLY_DELTA,p_INF_MONTHLY_DELTA
BTC,True,0.008022,0.009589,0.001568,0.8459,2259,-0.000281,0.6873,-0.000565,0.7852,-0.032766,0.446,-0.009813,0.5056
Gold,True,0.007371,0.010002,0.002632,0.5502,2288,-0.000109,0.6094,-0.00032,0.7322,-0.024056,0.1287,-0.006099,0.5393
Oil,True,0.001484,0.00879,0.007306,0.0588,2261,0.001283,0.044,-6e-05,0.9571,0.031396,0.3351,0.032005,0.0635
SPY,True,0.20046,0.201721,0.00126,0.8897,1633,0.000166,0.643,-0.000749,0.4159,0.009373,0.6728,-0.005695,0.6411
QQQ,False,0.205255,0.206426,0.001171,0.8849,1633,0.000297,0.4809,-0.00068,0.5544,0.002553,0.9236,-0.009611,0.4757
SP500_fut,False,0.007421,0.011532,0.004111,0.4964,2274,0.00024,0.54,8.2e-05,0.9033,-0.026956,0.2141,-0.007914,0.368
