asset,is_core,r2_base,r2_aug,delta_r2,f_pvalue,nobs,beta_FED_DELTA,p_FED_DELTA,beta_GDP_DELTA,p_GDP_DELTA,beta_UNEMPLOYMENT_DELTA,p_UNEMPLOYMENT_DELTA,beta_INF_MONTHLY_DELTA,p_INF_MONTHLY_DELTA
BTC,True,0.008288,0.011045,0.002757,0.7972,2023,-0.000117,0.8768,-0.000544,0.7935,-0.046489,0.3308,-0.010859,0.4934
Gold,True,0.00729,0.011915,0.004625,0.3431,2018,-9.1e-05,0.6786,-0.000585,0.5344,-0.026431,0.083,-0.009617,0.3245
Oil,True,0.003266,0.010866,0.0076,0.0533,2009,0.001391,0.039,0.00013,0.9059,0.034293,0.2726,0.03283,0.0702
SPY,True,0.206007,0.207807,0.0018,0.8655,1439,0.000232,0.5545,-0.000851,0.3621,0.009402,0.6992,-0.005619,0.6501
QQQ,False,0.209626,0.211455,0.001828,0.8163,1439,0.000426,0.3481,-0.000875,0.4483,0.00632,0.8247,-0.009143,0.4959
SP500_fut,False,0.01326,0.017437,0.004177,0.5963,2004,0.000173,0.6717,0.000172,0.7952,-0.026104,0.2249,-0.006491,0.4852
