pm_signal,asset,optimal_h,beta_optimal,p_optimal
FED_DELTA,Gold_chg,2,-0.0002114575546827022,0.045015676425154756
FED_DELTA,SPY_chg,3,0.0011331991464742122,0.04650410510742597
GDP_DELTA,BTC_chg,4,0.001003103975061512,0.0887443959895984
GDP_DELTA,Gold_chg,6,-0.0011423277397514262,0.04103576156450491
GDP_DELTA,Oil_chg,2,0.001801372424734885,0.054285571744099786
INF_MONTHLY_DELTA,Oil_chg,5,0.04877295170682957,0.01764649571336613
UNEMPLOYMENT_DELTA,Gold_chg,2,0.02361658525390998,0.07252349809409069
UNEMPLOYMENT_DELTA,Oil_chg,5,-0.07460722781901685,0.09541566281992563
UNEMPLOYMENT_DELTA,SPY_chg,6,-0.030496043007534075,0.039818927099076265
