asset,is_core,r2_base,r2_aug,delta_r2,f_pvalue,nobs,beta_FED_DELTA,p_FED_DELTA,beta_GDP_DELTA,p_GDP_DELTA,beta_UNEMPLOYMENT_DELTA,p_UNEMPLOYMENT_DELTA,beta_INF_MONTHLY_DELTA,p_INF_MONTHLY_DELTA
BTC,True,0.00834,0.010683,0.002343,0.7914,2142,-8.6e-05,0.9062,-0.00054,0.7951,-0.04741,0.3195,-0.010487,0.4938
Gold,True,0.006503,0.009874,0.003371,0.3095,2137,-9.7e-05,0.6503,-0.000593,0.5272,-0.027287,0.0854,-0.010505,0.2685
Oil,True,0.003108,0.013054,0.009946,0.0336,2128,0.001383,0.0367,-3.5e-05,0.9747,0.03783,0.2337,0.034069,0.0501
SPY,True,0.204247,0.205732,0.001485,0.8971,1524,0.000207,0.5834,-0.000786,0.4004,0.007137,0.7649,-0.005314,0.6633
QQQ,False,0.207807,0.209342,0.001535,0.8491,1524,0.000387,0.3784,-0.000799,0.4901,0.004226,0.88,-0.008597,0.5143
SP500_fut,False,0.01222,0.015925,0.003706,0.5149,2123,0.000182,0.6506,0.000198,0.7657,-0.025841,0.2319,-0.008117,0.3634
