asset,is_core,r2_base,r2_aug,delta_r2,f_pvalue,nobs,beta_FED_DELTA,p_FED_DELTA,beta_GDP_DELTA,p_GDP_DELTA,beta_UNEMPLOYMENT_DELTA,p_UNEMPLOYMENT_DELTA,beta_INF_MONTHLY_DELTA,p_INF_MONTHLY_DELTA
BTC,True,0.007372,0.009278,0.001906,0.8709,2070,-0.000143,0.8458,-0.000675,0.7433,-0.035102,0.4363,-0.009262,0.5374
Gold,True,0.009095,0.012554,0.003459,0.3886,2099,-0.000107,0.6261,-0.000595,0.5268,-0.024298,0.1255,-0.01019,0.2833
Oil,True,0.003187,0.013268,0.010081,0.0498,2072,0.001384,0.0367,0.000166,0.8793,0.028986,0.379,0.032835,0.06
SPY,True,0.202547,0.203968,0.001421,0.878,1498,0.000188,0.62,-0.000834,0.3703,0.009451,0.6941,-0.005383,0.6609
QQQ,False,0.207708,0.20929,0.001582,0.84,1498,0.000376,0.3899,-0.000851,0.4606,0.008678,0.7587,-0.00867,0.5143
SP500_fut,False,0.009406,0.013617,0.004211,0.4852,2085,0.000221,0.581,4.8e-05,0.9419,-0.028452,0.2024,-0.007856,0.3765
