asset,is_core,r2_base,r2_aug,delta_r2,f_pvalue,nobs,beta_FED_DELTA,p_FED_DELTA,beta_GDP_DELTA,p_GDP_DELTA,beta_UNEMPLOYMENT_DELTA,p_UNEMPLOYMENT_DELTA,beta_INF_MONTHLY_DELTA,p_INF_MONTHLY_DELTA
BTC,True,0.00823,0.01036,0.00213,0.7798,2191,-0.000134,0.8536,-0.000538,0.7961,-0.04782,0.3093,-0.010448,0.494
Gold,True,0.005494,0.009024,0.00353,0.2658,2186,-0.000136,0.5262,-0.000568,0.5447,-0.029415,0.0707,-0.010253,0.279
Oil,True,0.002766,0.012438,0.009672,0.0283,2177,0.001398,0.0347,-4.3e-05,0.969,0.043948,0.1771,0.034008,0.0504
SPY,True,0.203335,0.204818,0.001483,0.9024,1559,0.000203,0.5905,-0.000758,0.4152,0.006555,0.7801,-0.00567,0.6447
QQQ,False,0.206673,0.20821,0.001537,0.8506,1559,0.000386,0.3799,-0.000743,0.5198,0.002536,0.9266,-0.009174,0.4912
SP500_fut,False,0.012303,0.015597,0.003294,0.5151,2172,0.000166,0.6803,0.000213,0.7488,-0.025869,0.2326,-0.008092,0.3645
