pm_signal,asset,optimal_h,beta_optimal,p_optimal
FED_DELTA,Gold_chg,2,-0.0003395441433523736,0.06803989422840759
FED_DELTA,SPY_chg,1,0.0010278783942927819,0.04546700098187876
GDP_DELTA,Gold_chg,6,-0.0011279549509528436,0.04410435362384035
GDP_DELTA,Oil_chg,2,0.0017551189427170556,0.05957604146269652
INF_MONTHLY_DELTA,Gold_chg,2,-0.007780316525176535,0.05124452757875866
INF_MONTHLY_DELTA,Oil_chg,5,0.047448674440461254,0.028387687191883167
UNEMPLOYMENT_DELTA,Gold_chg,2,0.022419375601579767,0.08338297688402992
UNEMPLOYMENT_DELTA,SPY_chg,6,-0.03198622801734853,0.03055583596344398
