pm_signal,asset,optimal_h,beta_optimal,p_optimal
FED_DELTA,Gold_chg,2,-0.0003138990092599674,0.08996728415401803
FED_DELTA,SPY_chg,1,0.001018382514148617,0.04721811412955695
GDP_DELTA,Gold_chg,6,-0.0011258734118362354,0.0443926404224395
GDP_DELTA,Oil_chg,2,0.0017828542645040532,0.055875871469018325
INF_MONTHLY_DELTA,Gold_chg,2,-0.007715279100329639,0.051510181992858416
INF_MONTHLY_DELTA,Oil_chg,5,0.049372647460957333,0.01887097497828621
UNEMPLOYMENT_DELTA,Gold_chg,2,0.022419375601579767,0.08338297688402992
UNEMPLOYMENT_DELTA,SPY_chg,6,-0.03198622801734853,0.03055583596344398
