asset,is_core,r2_base,r2_aug,delta_r2,f_pvalue,nobs,beta_FED_DELTA,p_FED_DELTA,beta_GDP_DELTA,p_GDP_DELTA,beta_UNEMPLOYMENT_DELTA,p_UNEMPLOYMENT_DELTA,beta_INF_MONTHLY_DELTA,p_INF_MONTHLY_DELTA
BTC,True,0.008233,0.011294,0.003061,0.7643,2037,-0.000122,0.8705,-0.000551,0.7913,-0.051541,0.2912,-0.010801,0.496
Gold,True,0.007372,0.011587,0.004216,0.3191,2032,-9.9e-05,0.6512,-0.000578,0.5393,-0.027995,0.0747,-0.009572,0.3267
Oil,True,0.003059,0.010779,0.007721,0.049,2023,0.001399,0.0382,0.00011,0.9205,0.035979,0.2527,0.033012,0.0679
SPY,True,0.204952,0.20672,0.001768,0.8677,1449,0.000234,0.5479,-0.000855,0.3588,0.007923,0.7441,-0.005602,0.6512
QQQ,False,0.208941,0.210786,0.001845,0.8099,1449,0.000431,0.3398,-0.000882,0.444,0.004804,0.8658,-0.009164,0.495
SP500_fut,False,0.0131,0.017264,0.004165,0.5729,2018,0.00017,0.6773,0.000175,0.7928,-0.027167,0.2097,-0.006491,0.4847
