asset,is_core,r2_base,r2_aug,delta_r2,f_pvalue,nobs,beta_FED_DELTA,p_FED_DELTA,beta_GDP_DELTA,p_GDP_DELTA,beta_UNEMPLOYMENT_DELTA,p_UNEMPLOYMENT_DELTA,beta_INF_MONTHLY_DELTA,p_INF_MONTHLY_DELTA
BTC,True,0.008744,0.011226,0.002482,0.5064,2373,-0.000248,0.7096,-0.000449,0.8297,-0.048193,0.2924,-0.016486,0.2195
Gold,True,0.006428,0.009122,0.002694,0.3675,2368,-8.8e-05,0.6621,-0.000403,0.6659,-0.0273,0.0863,-0.007207,0.3647
Oil,True,0.001323,0.009326,0.008003,0.0031,2359,0.001306,0.0331,-0.000231,0.8361,0.03626,0.2348,0.036161,0.0114
SPY,True,0.200456,0.201846,0.00139,0.8684,1689,0.000214,0.5281,-0.000805,0.3772,0.006323,0.7716,-0.005429,0.6551
QQQ,False,0.202539,0.203749,0.00121,0.8448,1689,0.000344,0.3935,-0.000718,0.5283,-0.002638,0.9198,-0.00923,0.4908
SP500_fut,False,0.010208,0.013659,0.003451,0.515,2354,0.000253,0.5012,0.000119,0.8602,-0.023089,0.2703,-0.007809,0.2818
