asset,is_core,r2_base,r2_aug,delta_r2,f_pvalue,nobs,beta_FED_DELTA,p_FED_DELTA,beta_GDP_DELTA,p_GDP_DELTA,beta_UNEMPLOYMENT_DELTA,p_UNEMPLOYMENT_DELTA,beta_INF_MONTHLY_DELTA,p_INF_MONTHLY_DELTA
BTC,True,0.008173,0.010427,0.002254,0.7916,2177,-0.000109,0.8812,-0.000537,0.7962,-0.047341,0.3156,-0.01017,0.5051
Gold,True,0.006106,0.009762,0.003656,0.2649,2172,-0.000119,0.5813,-0.000577,0.5376,-0.029744,0.0675,-0.010311,0.2746
Oil,True,0.002944,0.013212,0.010268,0.0278,2163,0.001403,0.0343,-6.5e-05,0.9534,0.04376,0.1803,0.033969,0.0507
SPY,True,0.204438,0.205883,0.001445,0.9023,1549,0.000204,0.589,-0.000771,0.4098,0.006916,0.768,-0.005283,0.6647
QQQ,False,0.207808,0.209299,0.001491,0.8543,1549,0.000385,0.3796,-0.00077,0.5069,0.003148,0.9089,-0.008595,0.5142
SP500_fut,False,0.012064,0.015504,0.00344,0.5139,2158,0.000175,0.6643,0.000202,0.7614,-0.026044,0.2266,-0.00798,0.3708
