pm_signal,asset,optimal_h,beta_optimal,p_optimal
FED_DELTA,Gold_chg,2,-0.00021212769870533962,0.045693032490436804
FED_DELTA,SPY_chg,1,0.0009853042545506523,0.05068155190700383
GDP_DELTA,BTC_chg,4,0.0009874685583255332,0.09437120774444906
GDP_DELTA,Gold_chg,6,-0.0010203277011187402,0.06533488080462169
GDP_DELTA,Oil_chg,2,0.0018548892065249549,0.0466420806538839
INF_MONTHLY_DELTA,Oil_chg,5,0.04905923245307056,0.016941039864289627
UNEMPLOYMENT_DELTA,Gold_chg,2,0.02619452810510115,0.08584717804406274
UNEMPLOYMENT_DELTA,SPY_chg,6,-0.03087817888304919,0.0354416642661791
