pm_signal,asset,optimal_h,beta_optimal,p_optimal
FED_DELTA,Gold_chg,2,-0.00031396912283332857,0.08971801877333958
FED_DELTA,SPY_chg,1,0.0010153856510676574,0.04784509953915679
GDP_DELTA,Gold_chg,6,-0.0011233242421335315,0.044746592353200235
GDP_DELTA,Oil_chg,2,0.0019036811934571548,0.04260293054242159
INF_MONTHLY_DELTA,Gold_chg,2,-0.007424484821557795,0.06123646417064839
INF_MONTHLY_DELTA,Oil_chg,5,0.048637908666562465,0.020989596925801473
UNEMPLOYMENT_DELTA,Gold_chg,2,0.023362503004411485,0.08374943360058758
UNEMPLOYMENT_DELTA,SPY_chg,6,-0.03198622801734853,0.030555835963444022
