pm_signal,asset,optimal_h,beta_optimal,p_optimal
FED_DELTA,Gold_chg,2,-0.0003370682320874533,0.07078509224802707
FED_DELTA,Oil_chg,6,0.0005662915591461159,0.06631569200325868
FED_DELTA,SPY_chg,1,0.001065464839798771,0.04139456200222103
GDP_DELTA,Gold_chg,6,-0.0009871003640663666,0.07493547388408046
GDP_DELTA,Oil_chg,2,0.00180614833009371,0.05132048677392392
INF_MONTHLY_DELTA,Gold_chg,2,-0.007792172839702681,0.050651775775661996
INF_MONTHLY_DELTA,Oil_chg,5,0.047498360894523875,0.02818164201983271
UNEMPLOYMENT_DELTA,BTC_chg,3,-0.02366421344773189,0.0888500339654779
UNEMPLOYMENT_DELTA,SPY_chg,6,-0.03197917856202897,0.030912685228154924
