asset,is_core,r2_base,r2_aug,delta_r2,f_pvalue,nobs,beta_FED_DELTA,p_FED_DELTA,beta_GDP_DELTA,p_GDP_DELTA,beta_UNEMPLOYMENT_DELTA,p_UNEMPLOYMENT_DELTA,beta_INF_MONTHLY_DELTA,p_INF_MONTHLY_DELTA
BTC,True,0.008261,0.009909,0.001649,0.8243,2231,-0.000315,0.653,-0.000545,0.7925,-0.032705,0.4467,-0.010559,0.4737
Gold,True,0.007723,0.010467,0.002744,0.5116,2260,-0.000107,0.6166,-0.000438,0.6403,-0.024302,0.126,-0.006919,0.4856
Oil,True,0.001706,0.009911,0.008205,0.0497,2233,0.00133,0.0377,-4.6e-05,0.9672,0.031672,0.3325,0.032535,0.06
SPY,True,0.20185,0.20323,0.00138,0.8779,1613,0.000174,0.6269,-0.000725,0.4324,0.008983,0.6862,-0.007383,0.5567
QQQ,False,0.208089,0.209491,0.001402,0.8491,1613,0.000317,0.4508,-0.000673,0.5593,0.002476,0.926,-0.011458,0.4078
SP500_fut,False,0.008242,0.012174,0.003932,0.4964,2246,0.000217,0.5791,0.000157,0.8163,-0.026422,0.2214,-0.008126,0.3547
