pm_signal,asset,optimal_h,beta_optimal,p_optimal
FED_DELTA,Gold_chg,2,-0.00039267931991619846,0.037802894564960714
FED_DELTA,Oil_chg,6,0.0005610507290757581,0.05969703288749906
FED_DELTA,SPY_chg,1,0.001115307933538435,0.035597309053669424
GDP_DELTA,Gold_chg,6,-0.000959765261891339,0.08333609683390017
GDP_DELTA,Oil_chg,2,0.0018243030818210141,0.049311770852249553
INF_MONTHLY_DELTA,Gold_chg,2,-0.008119975244387012,0.04142565641210705
INF_MONTHLY_DELTA,Oil_chg,5,0.04730987329824271,0.029136100184930937
UNEMPLOYMENT_DELTA,BTC_chg,3,-0.026053963243604622,0.08569420783724381
UNEMPLOYMENT_DELTA,SPY_chg,6,-0.032145577392764066,0.030491221104999647
