pm_signal,asset,optimal_h,beta_optimal,p_optimal
FED_DELTA,Gold_chg,2,-0.00022149042091138644,0.03829092269798354
FED_DELTA,SPY_chg,1,0.0009851163434531857,0.05219646704801455
GDP_DELTA,BTC_chg,4,0.0009790998455453334,0.09742763851935755
GDP_DELTA,Gold_chg,6,-0.001019172070655422,0.06591742854812446
GDP_DELTA,Oil_chg,2,0.001858882233027973,0.0462951732567088
INF_MONTHLY_DELTA,Oil_chg,5,0.049345043680586204,0.016395950263201307
UNEMPLOYMENT_DELTA,BTC_chg,3,-0.022596516933518898,0.08238585030202486
UNEMPLOYMENT_DELTA,Gold_chg,2,0.027248680662220512,0.08964296110406657
UNEMPLOYMENT_DELTA,SPY_chg,6,-0.0307708245213572,0.0392209479836734
