asset,is_core,r2_base,r2_aug,delta_r2,f_pvalue,nobs,beta_FED_DELTA,p_FED_DELTA,beta_GDP_DELTA,p_GDP_DELTA,beta_UNEMPLOYMENT_DELTA,p_UNEMPLOYMENT_DELTA,beta_INF_MONTHLY_DELTA,p_INF_MONTHLY_DELTA
BTC,True,0.00852,0.011027,0.002507,0.4975,2387,-0.00024,0.7189,-0.00045,0.8291,-0.047496,0.2964,-0.016828,0.2069
Gold,True,0.00648,0.009125,0.002645,0.3826,2382,-8.3e-05,0.6811,-0.000404,0.6648,-0.026109,0.0971,-0.007568,0.337
Oil,True,0.001274,0.009094,0.00782,0.0025,2373,0.001275,0.0372,-0.000233,0.8351,0.034609,0.252,0.037703,0.0081
SPY,True,0.200814,0.202177,0.001363,0.8766,1699,0.000205,0.5465,-0.000807,0.3763,0.004204,0.8472,-0.005373,0.6533
QQQ,False,0.203275,0.204402,0.001127,0.8598,1699,0.000332,0.4105,-0.000718,0.5294,-0.008167,0.7585,-0.0067,0.6061
SP500_fut,False,0.010223,0.013384,0.003161,0.5361,2368,0.000255,0.4985,0.000117,0.8621,-0.021963,0.2924,-0.00783,0.2767
