pm_signal,asset,optimal_h,beta_optimal,p_optimal
FED_DELTA,Gold_chg,2,-0.0003239223197009653,0.07950198080901
FED_DELTA,SPY_chg,1,0.0010086584992714546,0.049099960946928034
GDP_DELTA,BTC_chg,4,0.00097659862032997,0.0980383558585038
GDP_DELTA,Gold_chg,6,-0.001127465521068577,0.043927393618854504
GDP_DELTA,Oil_chg,2,0.0018637849345865683,0.04677060049477681
INF_MONTHLY_DELTA,Gold_chg,2,-0.007458377780841976,0.061531901926463184
INF_MONTHLY_DELTA,Oil_chg,5,0.05064697413086511,0.014704366744881691
UNEMPLOYMENT_DELTA,Gold_chg,2,0.022070164572327904,0.08103459887826865
UNEMPLOYMENT_DELTA,SPY_chg,6,-0.03165805613547262,0.03136430268122229
