pm_signal,asset,optimal_h,beta_optimal,p_optimal
FED_DELTA,Gold_chg,2,-0.0003130798344073162,0.09039477201619835
FED_DELTA,SPY_chg,1,0.0010317948837120317,0.04622337118661124
GDP_DELTA,Gold_chg,6,-0.0009836340561836109,0.07571407640702377
GDP_DELTA,Oil_chg,2,0.0019186795294744339,0.03971644399738694
INF_MONTHLY_DELTA,Gold_chg,2,-0.0074488242503586,0.062360807158297026
INF_MONTHLY_DELTA,Oil_chg,5,0.04987223051114596,0.017247846345277897
UNEMPLOYMENT_DELTA,BTC_chg,3,-0.023690305144319967,0.08333072919942755
UNEMPLOYMENT_DELTA,Gold_chg,2,0.025226970986308394,0.09563789329002613
UNEMPLOYMENT_DELTA,SPY_chg,6,-0.03187002411945968,0.029651859720402646
