asset,is_core,r2_base,r2_aug,delta_r2,f_pvalue,nobs,beta_FED_DELTA,p_FED_DELTA,beta_GDP_DELTA,p_GDP_DELTA,beta_UNEMPLOYMENT_DELTA,p_UNEMPLOYMENT_DELTA,beta_INF_MONTHLY_DELTA,p_INF_MONTHLY_DELTA
BTC,True,0.007372,0.009278,0.001906,0.8709,2070,-0.000143,0.8458,-0.000675,0.7433,-0.035102,0.4363,-0.009262,0.5374
Gold,True,0.009148,0.012616,0.003468,0.3898,2099,-0.000106,0.6302,-0.000588,0.5317,-0.024291,0.1255,-0.010216,0.2821
Oil,True,0.003194,0.01326,0.010066,0.0498,2072,0.001383,0.0368,0.000164,0.881,0.028983,0.3791,0.032845,0.06
SPY,True,0.202547,0.203968,0.001421,0.878,1498,0.000188,0.62,-0.000834,0.3703,0.009451,0.6941,-0.005383,0.6609
QQQ,False,0.207708,0.20929,0.001582,0.84,1498,0.000376,0.3899,-0.000851,0.4606,0.008678,0.7587,-0.00867,0.5143
SP500_fut,False,0.009448,0.013684,0.004236,0.4847,2085,0.000221,0.5805,5.2e-05,0.9374,-0.028447,0.2025,-0.007867,0.376
