pm_signal,asset,optimal_h,beta_optimal,p_optimal
FED_DELTA,Gold_chg,2,-0.00021448811497012433,0.044891757784513986
FED_DELTA,SPY_chg,1,0.0009910587193469591,0.05345329520153202
GDP_DELTA,Gold_chg,6,-0.0009914275643345528,0.07321022211775743
GDP_DELTA,Oil_chg,2,0.0019028973095547347,0.04137545598069669
INF_MONTHLY_DELTA,Oil_chg,5,0.0492620136279009,0.017189266135248463
UNEMPLOYMENT_DELTA,BTC_chg,3,-0.022802813618235232,0.08807100624734358
UNEMPLOYMENT_DELTA,Gold_chg,2,0.024523494803170655,0.09543366972466402
UNEMPLOYMENT_DELTA,SPY_chg,6,-0.0320600169690488,0.027615891646800953
