asset,is_core,r2_base,r2_aug,delta_r2,f_pvalue,nobs,beta_FED_DELTA,p_FED_DELTA,beta_GDP_DELTA,p_GDP_DELTA,beta_UNEMPLOYMENT_DELTA,p_UNEMPLOYMENT_DELTA,beta_INF_MONTHLY_DELTA,p_INF_MONTHLY_DELTA
BTC,True,0.007292,0.009094,0.001802,0.8658,2140,-0.000139,0.8502,-0.000615,0.7652,-0.0341,0.4407,-0.009902,0.5094
Gold,True,0.008305,0.012171,0.003866,0.3222,2169,-0.000123,0.5739,-0.000583,0.5335,-0.026716,0.0992,-0.010609,0.2625
Oil,True,0.002497,0.012468,0.009971,0.0349,2142,0.001412,0.0331,1e-05,0.9926,0.036537,0.2843,0.0341,0.0508
SPY,True,0.20235,0.203769,0.00142,0.8952,1548,0.000189,0.6161,-0.000772,0.4087,0.009524,0.6836,-0.005301,0.6634
QQQ,False,0.207306,0.208872,0.001566,0.857,1548,0.000377,0.3878,-0.000772,0.5058,0.008353,0.7611,-0.00843,0.5218
SP500_fut,False,0.009084,0.013344,0.00426,0.4508,2155,0.000219,0.585,8.4e-05,0.8993,-0.028458,0.1955,-0.008374,0.3439
