asset,is_core,r2_base,r2_aug,delta_r2,f_pvalue,nobs,beta_FED_DELTA,p_FED_DELTA,beta_GDP_DELTA,p_GDP_DELTA,beta_UNEMPLOYMENT_DELTA,p_UNEMPLOYMENT_DELTA,beta_INF_MONTHLY_DELTA,p_INF_MONTHLY_DELTA
BTC,True,0.008288,0.011045,0.002757,0.7972,2023,-0.000117,0.8768,-0.000544,0.7935,-0.046489,0.3308,-0.010859,0.4934
Gold,True,0.00729,0.011915,0.004625,0.3431,2018,-9.1e-05,0.6786,-0.000585,0.5344,-0.026431,0.083,-0.009617,0.3245
Oil,True,0.003298,0.010924,0.007626,0.0519,2009,0.001391,0.0389,0.000128,0.9074,0.034819,0.2662,0.03295,0.0693
SPY,True,0.205664,0.207466,0.001802,0.8662,1439,0.000233,0.5532,-0.00085,0.3623,0.009365,0.7003,-0.005563,0.6533
QQQ,False,0.209627,0.21146,0.001833,0.8159,1439,0.000427,0.347,-0.000874,0.4484,0.006301,0.8252,-0.009147,0.4958
SP500_fut,False,0.01326,0.017437,0.004177,0.5963,2004,0.000173,0.6717,0.000172,0.7952,-0.026104,0.2249,-0.006491,0.4852
