pm_signal,asset,optimal_h,beta_optimal,p_optimal
FED_DELTA,Gold_chg,2,-0.00021937229146124434,0.03973380721609962
FED_DELTA,SPY_chg,3,0.0011303854725305427,0.050123045798112324
GDP_DELTA,BTC_chg,4,0.0009740663109721815,0.09903915245714563
GDP_DELTA,Gold_chg,6,-0.0010209673379332695,0.06524391923787011
GDP_DELTA,Oil_chg,2,0.0018548892065249549,0.0466420806538839
INF_MONTHLY_DELTA,Oil_chg,5,0.04900133446644054,0.017163758974346036
UNEMPLOYMENT_DELTA,Gold_chg,2,0.02619452810510115,0.08584717804406274
UNEMPLOYMENT_DELTA,SPY_chg,6,-0.03087817888304919,0.0354416642661791
