pm_signal,asset,optimal_h,beta_optimal,p_optimal
FED_DELTA,Gold_chg,2,-0.0002220554289505078,0.038411192580201654
FED_DELTA,SPY_chg,1,0.0009911556797010234,0.053427777711047286
GDP_DELTA,BTC_chg,4,0.0009774140890220278,0.09739663680610237
GDP_DELTA,Gold_chg,6,-0.0010210438073994614,0.06561586779772426
GDP_DELTA,Oil_chg,2,0.001885396930476279,0.04332086381793603
INF_MONTHLY_DELTA,Oil_chg,5,0.049317115006729924,0.016970423452321706
UNEMPLOYMENT_DELTA,SPY_chg,6,-0.0320600169690488,0.027615891646800953
