pm_signal,asset,optimal_h,beta_optimal,p_optimal
FED_DELTA,Gold_chg,2,-0.00018096521097847476,0.08802274044214817
FED_DELTA,SPY_chg,3,0.001117565864156523,0.039042458801350044
GDP_DELTA,Gold_chg,6,-0.0009988100090384676,0.07081127905058705
GDP_DELTA,Oil_chg,2,0.0018894047646705766,0.04277185304351792
UNEMPLOYMENT_DELTA,Gold_chg,2,0.026211270029623913,0.08582807616292581
UNEMPLOYMENT_DELTA,SPY_chg,6,-0.03087817888304919,0.0354416642661791
