asset,is_core,r2_base,r2_aug,delta_r2,f_pvalue,nobs,beta_FED_DELTA,p_FED_DELTA,beta_GDP_DELTA,p_GDP_DELTA,beta_UNEMPLOYMENT_DELTA,p_UNEMPLOYMENT_DELTA,beta_INF_MONTHLY_DELTA,p_INF_MONTHLY_DELTA
BTC,True,0.008503,0.011593,0.00309,0.8054,1972,-7.2e-05,0.926,-0.000711,0.7332,-0.046295,0.3516,-0.010993,0.4928
Gold,True,0.00783,0.012501,0.004672,0.3202,1967,-9.4e-05,0.6768,-0.000624,0.5117,-0.029311,0.0729,-0.009371,0.3377
Oil,True,0.002565,0.008719,0.006154,0.0794,1958,0.001265,0.0624,1e-05,0.9929,0.03052,0.3295,0.033057,0.0682
SPY,True,0.210247,0.212206,0.00196,0.817,1402,0.000224,0.5744,-0.000928,0.3177,0.017189,0.5374,-0.004407,0.7189
QQQ,False,0.213257,0.215187,0.00193,0.8162,1402,0.000434,0.3468,-0.000955,0.4073,0.012468,0.706,-0.00724,0.5831
SP500_fut,False,0.013567,0.017914,0.004347,0.6219,1953,0.0002,0.6331,0.000146,0.8271,-0.026215,0.2385,-0.006281,0.5032
