asset,is_core,r2_base,r2_aug,delta_r2,f_pvalue,nobs,beta_FED_DELTA,p_FED_DELTA,beta_GDP_DELTA,p_GDP_DELTA,beta_UNEMPLOYMENT_DELTA,p_UNEMPLOYMENT_DELTA,beta_INF_MONTHLY_DELTA,p_INF_MONTHLY_DELTA
BTC,True,0.00833,0.011174,0.002844,0.8085,1988,-6.6e-05,0.9318,-0.00063,0.7622,-0.045823,0.3499,-0.011043,0.4899
Gold,True,0.007598,0.012078,0.004481,0.3474,1983,-8.6e-05,0.7012,-0.000583,0.5382,-0.027805,0.0816,-0.009548,0.3292
Oil,True,0.00262,0.008681,0.006061,0.0744,1974,0.001243,0.0652,0.000201,0.8549,0.032461,0.3015,0.033567,0.0647
SPY,True,0.206458,0.208278,0.00182,0.8702,1414,0.00022,0.5823,-0.000845,0.364,0.011879,0.662,-0.005121,0.6794
QQQ,False,0.210019,0.211888,0.001869,0.8343,1414,0.00043,0.3527,-0.000851,0.4614,0.008868,0.7809,-0.00828,0.5357
SP500_fut,False,0.013443,0.017842,0.004399,0.5966,1969,0.000204,0.627,0.000169,0.7998,-0.026673,0.2265,-0.006473,0.4893
