pm_signal,asset,optimal_h,beta_optimal,p_optimal
FED_DELTA,Gold_chg,2,-0.0003923609354295906,0.03835299931548366
FED_DELTA,Oil_chg,6,0.0005751948032514389,0.05462818649753531
FED_DELTA,SPY_chg,1,0.0011349180088450178,0.032536093393596185
GDP_DELTA,Gold_chg,6,-0.0009739705474697583,0.07903315887411431
GDP_DELTA,Oil_chg,2,0.0018797935606815746,0.04257979222814471
INF_MONTHLY_DELTA,Gold_chg,2,-0.007879546561233164,0.04719636682099822
INF_MONTHLY_DELTA,Oil_chg,5,0.047971799253150295,0.027215855600354503
UNEMPLOYMENT_DELTA,BTC_chg,3,-0.025147422874039878,0.09326988080938002
UNEMPLOYMENT_DELTA,SPY_chg,6,-0.0350757292807443,0.012810295766768318
