asset,is_core,r2_base,r2_aug,delta_r2,f_pvalue,nobs,beta_FED_DELTA,p_FED_DELTA,beta_GDP_DELTA,p_GDP_DELTA,beta_UNEMPLOYMENT_DELTA,p_UNEMPLOYMENT_DELTA,beta_INF_MONTHLY_DELTA,p_INF_MONTHLY_DELTA
BTC,True,0.007335,0.009295,0.00196,0.8695,2063,-0.000153,0.8359,-0.000666,0.7464,-0.035261,0.4354,-0.009283,0.5361
Gold,True,0.009423,0.012961,0.003538,0.3736,2092,-0.000126,0.5671,-0.000581,0.5367,-0.024543,0.1228,-0.010229,0.2805
Oil,True,0.003056,0.013216,0.01016,0.0504,2065,0.001385,0.0371,0.000165,0.8803,0.028929,0.3797,0.032839,0.0602
SPY,True,0.202506,0.203926,0.001421,0.8766,1493,0.000189,0.62,-0.000838,0.3686,0.009497,0.6926,-0.005424,0.6587
QQQ,False,0.207614,0.209201,0.001587,0.8384,1493,0.000378,0.3914,-0.000858,0.4572,0.008748,0.7568,-0.008757,0.5105
SP500_fut,False,0.009454,0.013668,0.004214,0.4833,2078,0.000215,0.5922,5.3e-05,0.9361,-0.028508,0.202,-0.007896,0.3737
