asset,is_core,r2_base,r2_aug,delta_r2,f_pvalue,nobs,beta_FED_DELTA,p_FED_DELTA,beta_GDP_DELTA,p_GDP_DELTA,beta_UNEMPLOYMENT_DELTA,p_UNEMPLOYMENT_DELTA,beta_INF_MONTHLY_DELTA,p_INF_MONTHLY_DELTA
BTC,True,0.00817,0.009596,0.001426,0.8423,2322,-0.000216,0.7532,-0.000583,0.7779,-0.033366,0.4336,-0.010354,0.4841
Gold,True,0.008092,0.010507,0.002415,0.5202,2351,-0.000118,0.5748,-0.000389,0.6771,-0.024351,0.1252,-0.006246,0.5277
Oil,True,0.001218,0.007478,0.00626,0.0615,2324,0.001273,0.0428,-4.5e-05,0.9676,0.028932,0.365,0.032023,0.0632
SPY,True,0.199102,0.200475,0.001373,0.8554,1678,0.000204,0.5576,-0.000831,0.361,0.008798,0.685,-0.005194,0.6677
QQQ,False,0.203032,0.204309,0.001277,0.8399,1678,0.000366,0.3714,-0.000773,0.4964,0.001955,0.9404,-0.008726,0.5114
SP500_fut,False,0.007491,0.011408,0.003917,0.4895,2337,0.000281,0.4678,0.0,0.9998,-0.025248,0.2383,-0.008472,0.3339
