asset,is_core,r2_base,r2_aug,delta_r2,f_pvalue,nobs,beta_FED_DELTA,p_FED_DELTA,beta_GDP_DELTA,p_GDP_DELTA,beta_UNEMPLOYMENT_DELTA,p_UNEMPLOYMENT_DELTA,beta_INF_MONTHLY_DELTA,p_INF_MONTHLY_DELTA
BTC,True,0.007943,0.010395,0.002452,0.7865,2122,-9.3e-05,0.8993,-0.000519,0.8033,-0.048392,0.3112,-0.010402,0.4966
Gold,True,0.006398,0.009858,0.00346,0.3059,2123,-0.000101,0.6385,-0.000593,0.5272,-0.027543,0.0835,-0.010447,0.2721
Oil,True,0.003226,0.013423,0.010197,0.0312,2109,0.001385,0.0351,-5.8e-05,0.9584,0.038118,0.2307,0.034558,0.0479
SPY,True,0.204446,0.205939,0.001492,0.8958,1514,0.00021,0.5787,-0.000782,0.4033,0.006753,0.7782,-0.00564,0.6462
QQQ,False,0.208105,0.209647,0.001543,0.8456,1514,0.000386,0.3799,-0.000788,0.4965,0.003815,0.8921,-0.009067,0.4951
SP500_fut,False,0.01224,0.015956,0.003715,0.5228,2109,0.000179,0.6572,0.000196,0.7684,-0.025861,0.2321,-0.007982,0.372
