pm_signal,asset,optimal_h,beta_optimal,p_optimal
FED_DELTA,Gold_chg,2,-0.0003924711462172606,0.03829711659392222
FED_DELTA,Oil_chg,6,0.0005743264571193631,0.05495379681112208
FED_DELTA,SPY_chg,1,0.0011335332753448129,0.032783005486033676
GDP_DELTA,Gold_chg,6,-0.000963516008369482,0.08227185427597107
GDP_DELTA,Oil_chg,2,0.0018961986355143438,0.04102687619543244
INF_MONTHLY_DELTA,Gold_chg,2,-0.007892884390377528,0.04673906895892713
INF_MONTHLY_DELTA,Oil_chg,5,0.04814946919449925,0.026562397499318102
UNEMPLOYMENT_DELTA,BTC_chg,3,-0.02655420095314534,0.08735688548347467
UNEMPLOYMENT_DELTA,SPY_chg,6,-0.035078221989594274,0.01280105136922797
