asset,is_core,r2_base,r2_aug,delta_r2,f_pvalue,nobs,beta_FED_DELTA,p_FED_DELTA,beta_GDP_DELTA,p_GDP_DELTA,beta_UNEMPLOYMENT_DELTA,p_UNEMPLOYMENT_DELTA,beta_INF_MONTHLY_DELTA,p_INF_MONTHLY_DELTA
BTC,True,0.008245,0.011302,0.003057,0.7635,2044,-0.000132,0.8598,-0.000549,0.792,-0.051424,0.2917,-0.010818,0.495
Gold,True,0.007349,0.011379,0.00403,0.3212,2039,-0.000106,0.6271,-0.000577,0.5405,-0.027909,0.0769,-0.009551,0.3279
Oil,True,0.002996,0.010679,0.007683,0.0479,2030,0.001407,0.037,0.000112,0.9185,0.036998,0.2401,0.032773,0.0699
SPY,True,0.204848,0.206601,0.001754,0.8732,1454,0.000219,0.572,-0.000853,0.3601,0.007448,0.7589,-0.005618,0.6504
QQQ,False,0.208723,0.21053,0.001807,0.8206,1454,0.000408,0.3632,-0.00088,0.4451,0.004491,0.8744,-0.009209,0.4933
SP500_fut,False,0.012899,0.017224,0.004325,0.571,2025,0.000166,0.6834,0.000173,0.7941,-0.027355,0.2071,-0.006448,0.4875
