pm_signal,asset,optimal_h,beta_optimal,p_optimal
FED_DELTA,Gold_chg,2,-0.00022178963276285832,0.03856104337109431
FED_DELTA,SPY_chg,3,0.0011350006428991186,0.053475983849381584
GDP_DELTA,BTC_chg,4,0.0010000849139720255,0.09016461195992331
GDP_DELTA,Gold_chg,6,-0.0011579382314818862,0.03876734901854201
GDP_DELTA,Oil_chg,2,0.0018052959656615906,0.05412840994001873
INF_MONTHLY_DELTA,Oil_chg,5,0.04933068457041893,0.01665258897624609
UNEMPLOYMENT_DELTA,Gold_chg,2,0.022701297371697505,0.07249039534018854
UNEMPLOYMENT_DELTA,Oil_chg,5,-0.07777395306108734,0.08707740723115125
UNEMPLOYMENT_DELTA,SPY_chg,6,-0.03165805613547262,0.03136430268122229
