pm_signal,asset,optimal_h,beta_optimal,p_optimal
FED_DELTA,Gold_chg,2,-0.00021859128904801363,0.040882354159410696
FED_DELTA,SPY_chg,3,0.0011330752708172502,0.05322128650973406
GDP_DELTA,BTC_chg,4,0.0010029069762310652,0.08922576989654779
GDP_DELTA,Gold_chg,6,-0.0011595503054540692,0.03849333610761293
GDP_DELTA,Oil_chg,2,0.0018076441106645068,0.053825558278474094
INF_MONTHLY_DELTA,Oil_chg,5,0.04913362536293156,0.017057582162951297
UNEMPLOYMENT_DELTA,Gold_chg,2,0.02289708215782247,0.07215179225729196
UNEMPLOYMENT_DELTA,Oil_chg,5,-0.07730729606025985,0.0880996947728772
UNEMPLOYMENT_DELTA,SPY_chg,6,-0.03165805613547262,0.03136430268122229
