asset,is_core,r2_base,r2_aug,delta_r2,f_pvalue,nobs,beta_FED_DELTA,p_FED_DELTA,beta_GDP_DELTA,p_GDP_DELTA,beta_UNEMPLOYMENT_DELTA,p_UNEMPLOYMENT_DELTA,beta_INF_MONTHLY_DELTA,p_INF_MONTHLY_DELTA
BTC,True,0.008255,0.010961,0.002706,0.8139,2016,-0.000117,0.877,-0.00055,0.7915,-0.044919,0.3511,-0.010734,0.4981
Gold,True,0.007282,0.012029,0.004748,0.3251,2011,-9.5e-05,0.6649,-0.000587,0.5333,-0.02764,0.0771,-0.009675,0.3219
Oil,True,0.003051,0.010745,0.007694,0.0518,2002,0.001402,0.0379,0.000128,0.9074,0.034873,0.2709,0.032867,0.0698
SPY,True,0.205451,0.207304,0.001854,0.8611,1434,0.000231,0.5562,-0.000855,0.3595,0.011136,0.6645,-0.005509,0.6555
QQQ,False,0.209467,0.21132,0.001853,0.8143,1434,0.000427,0.347,-0.000876,0.4473,0.008677,0.7731,-0.009165,0.4944
SP500_fut,False,0.01318,0.017413,0.004232,0.5955,1997,0.000171,0.6765,0.00017,0.7975,-0.026594,0.224,-0.006472,0.4868
