pm_signal,asset,optimal_h,beta_optimal,p_optimal
FED_DELTA,Gold_chg,2,-0.0003879154398702481,0.04035235637423383
FED_DELTA,Oil_chg,6,0.0005753819525876858,0.05423116741404175
FED_DELTA,SPY_chg,1,0.001099074095968725,0.03828731394518581
GDP_DELTA,Gold_chg,6,-0.0009691310988839035,0.08043575154568834
GDP_DELTA,Oil_chg,2,0.0018602760868857034,0.044635037449718855
INF_MONTHLY_DELTA,Gold_chg,2,-0.008119975244387012,0.04142565641210705
INF_MONTHLY_DELTA,Oil_chg,5,0.047241143737139994,0.029411493947816423
UNEMPLOYMENT_DELTA,BTC_chg,3,-0.025192407541957958,0.0913410826479028
UNEMPLOYMENT_DELTA,SPY_chg,6,-0.03202801496265254,0.031809119112688494
