pm_signal,asset,optimal_h,beta_optimal,p_optimal
FED_DELTA,Gold_chg,2,-0.00032211962717727815,0.08139244334635527
FED_DELTA,SPY_chg,1,0.0010308296201450547,0.04624279766196032
GDP_DELTA,Gold_chg,6,-0.0009867893137198921,0.074726306116327
GDP_DELTA,Oil_chg,2,0.001914977073337036,0.04007635332492617
INF_MONTHLY_DELTA,Gold_chg,2,-0.006796518193300771,0.09074874220943065
INF_MONTHLY_DELTA,Oil_chg,5,0.04938043752111047,0.017289823991327953
UNEMPLOYMENT_DELTA,BTC_chg,3,-0.023176409516091748,0.08673108789549511
UNEMPLOYMENT_DELTA,Gold_chg,2,0.024523494803170655,0.09543366972466402
UNEMPLOYMENT_DELTA,SPY_chg,6,-0.0320600169690488,0.027615891646800953
