asset,is_core,r2_base,r2_aug,delta_r2,f_pvalue,nobs,beta_FED_DELTA,p_FED_DELTA,beta_GDP_DELTA,p_GDP_DELTA,beta_UNEMPLOYMENT_DELTA,p_UNEMPLOYMENT_DELTA,beta_INF_MONTHLY_DELTA,p_INF_MONTHLY_DELTA
BTC,True,0.007432,0.009194,0.001763,0.8624,2147,-0.000138,0.8508,-0.000619,0.7641,-0.03456,0.4355,-0.009957,0.5074
Gold,True,0.008297,0.012119,0.003821,0.3219,2176,-0.000123,0.5721,-0.00058,0.5357,-0.026778,0.099,-0.010609,0.2624
Oil,True,0.002545,0.012457,0.009911,0.0348,2149,0.001407,0.0335,2.8e-05,0.9799,0.037225,0.2769,0.034091,0.0507
SPY,True,0.202255,0.203655,0.001399,0.8966,1553,0.000189,0.6166,-0.000769,0.4104,0.009305,0.6902,-0.005329,0.662
QQQ,False,0.20719,0.208755,0.001566,0.8559,1553,0.000379,0.3852,-0.000769,0.5074,0.007964,0.7718,-0.008517,0.5182
SP500_fut,False,0.009021,0.013228,0.004206,0.4536,2162,0.000218,0.5853,8e-05,0.9039,-0.028411,0.1969,-0.008349,0.3451
