pm_signal,asset,optimal_h,beta_optimal,p_optimal
FED_DELTA,Gold_chg,2,-0.00021322423841569875,0.04445698314373443
FED_DELTA,SPY_chg,3,0.001139088194389746,0.04778951056756409
GDP_DELTA,BTC_chg,4,0.0010123830332928227,0.0859337839986886
GDP_DELTA,Gold_chg,6,-0.0011357088200491339,0.042232210650035865
GDP_DELTA,Oil_chg,2,0.0018026895882423957,0.054171423890212726
INF_MONTHLY_DELTA,Oil_chg,5,0.049061164298183885,0.01694106301858256
UNEMPLOYMENT_DELTA,Gold_chg,2,0.02361658525390998,0.07252349809409069
UNEMPLOYMENT_DELTA,Oil_chg,5,-0.07460722781901685,0.09541566281992563
UNEMPLOYMENT_DELTA,SPY_chg,6,-0.030496043007534075,0.039818927099076265
