asset,is_core,r2_base,r2_aug,delta_r2,f_pvalue,nobs,beta_FED_DELTA,p_FED_DELTA,beta_GDP_DELTA,p_GDP_DELTA,beta_UNEMPLOYMENT_DELTA,p_UNEMPLOYMENT_DELTA,beta_INF_MONTHLY_DELTA,p_INF_MONTHLY_DELTA
BTC,True,0.007412,0.009239,0.001827,0.8704,2091,-0.000134,0.8554,-0.00067,0.7449,-0.034146,0.4463,-0.009656,0.5207
Gold,True,0.009081,0.012557,0.003476,0.378,2120,-0.000106,0.6287,-0.000615,0.5124,-0.024177,0.1273,-0.010554,0.2676
Oil,True,0.002933,0.013096,0.010163,0.0388,2093,0.001396,0.0349,0.000162,0.8827,0.030248,0.3621,0.034496,0.0483
SPY,True,0.202645,0.204068,0.001423,0.8745,1513,0.000188,0.6188,-0.000831,0.3726,0.009912,0.6783,-0.005586,0.6488
QQQ,False,0.207909,0.209476,0.001567,0.8399,1513,0.000372,0.395,-0.000844,0.4656,0.009361,0.739,-0.008828,0.5056
SP500_fut,False,0.009136,0.013283,0.004147,0.4758,2106,0.000221,0.5808,4.3e-05,0.9485,-0.028045,0.2067,-0.008189,0.3562
