asset,is_core,r2_base,r2_aug,delta_r2,f_pvalue,nobs,beta_FED_DELTA,p_FED_DELTA,beta_GDP_DELTA,p_GDP_DELTA,beta_UNEMPLOYMENT_DELTA,p_UNEMPLOYMENT_DELTA,beta_INF_MONTHLY_DELTA,p_INF_MONTHLY_DELTA
BTC,True,0.008179,0.009636,0.001458,0.8422,2329,-0.000215,0.7546,-0.000569,0.7831,-0.033403,0.4329,-0.01039,0.4826
Gold,True,0.007824,0.010282,0.002458,0.5229,2365,-0.000109,0.5999,-0.00039,0.6762,-0.024401,0.1244,-0.006355,0.5214
Oil,True,0.001051,0.007655,0.006604,0.0513,2338,0.001303,0.036,-6.7e-05,0.9522,0.0288,0.3668,0.032531,0.0591
SPY,True,0.198997,0.200387,0.001391,0.8527,1688,0.0002,0.5585,-0.000833,0.3597,0.008829,0.6839,-0.005362,0.6583
QQQ,False,0.203005,0.204249,0.001244,0.8479,1688,0.000343,0.3961,-0.000762,0.5024,0.002145,0.9346,-0.009038,0.4984
SP500_fut,False,0.007252,0.011164,0.003913,0.4908,2351,0.000279,0.4683,9e-06,0.9888,-0.02525,0.2385,-0.008455,0.3348
