pm_signal,asset,optimal_h,beta_optimal,p_optimal
FED_DELTA,Gold_chg,2,-0.00031570192888455347,0.0876368957209853
FED_DELTA,SPY_chg,1,0.001027355460586425,0.047165931118316344
GDP_DELTA,Gold_chg,6,-0.0011234686966665759,0.0444977823135889
GDP_DELTA,Oil_chg,2,0.0018489600943855278,0.047477082918596605
INF_MONTHLY_DELTA,Gold_chg,2,-0.007412724772874791,0.0645652439878037
INF_MONTHLY_DELTA,Oil_chg,5,0.049668523831196694,0.01763939039930194
UNEMPLOYMENT_DELTA,BTC_chg,3,-0.023176409516091748,0.08673108789549497
UNEMPLOYMENT_DELTA,Gold_chg,2,0.021886472705727678,0.0703422173828456
UNEMPLOYMENT_DELTA,SPY_chg,6,-0.032062402970665434,0.02759887848911515
