pm_signal,asset,h,n,beta_pm,p_hc3,r,mean_dir,p_dir
FED_DELTA,Gold_chg,2,650,-0.0003123192218961464,0.09171915636463768,-0.06881932520727961,-0.00012232411392303197,0.31146059856329766
FED_DELTA,SPY_chg,1,287,0.0010241991505425133,0.045930892137009786,0.16973162059006736,0.0001108652381840815,0.6709643099625133
FED_DELTA,SPY_chg,3,270,0.0011170587988899906,0.05841198774832284,0.15942322449971252,0.0008032689131553853,0.010127702513177282
GDP_DELTA,Gold_chg,6,596,-0.0011264132051612477,0.04425962071161298,-0.05529837701332394,-5.726491158981157e-05,0.7085309264621624
GDP_DELTA,Oil_chg,2,598,0.0017832730286769243,0.05567318147839545,0.042043659932732236,9.502033509286612e-05,0.7707325329366012
GDP_DELTA,Oil_chg,6,589,0.0018740379593463294,0.06682379390243268,0.046962892350833126,0.0002756407052163428,0.36361615693148785
UNEMPLOYMENT_DELTA,Gold_chg,2,450,0.022419375601579767,0.08338297688402992,0.088114707463346,0.0002605266125611215,0.10141476455240835
UNEMPLOYMENT_DELTA,SPY_chg,6,140,-0.03198622801734853,0.03055583596344398,-0.10804530102537811,-0.0003807096687364047,0.22677342623725633
