asset,is_core,r2_base,r2_aug,delta_r2,f_pvalue,nobs,beta_FED_DELTA,p_FED_DELTA,beta_GDP_DELTA,p_GDP_DELTA,beta_UNEMPLOYMENT_DELTA,p_UNEMPLOYMENT_DELTA,beta_INF_MONTHLY_DELTA,p_INF_MONTHLY_DELTA
BTC,True,0.008672,0.011205,0.002533,0.4925,2401,-0.000258,0.6967,-0.000458,0.8261,-0.04763,0.2948,-0.016731,0.2087
Gold,True,0.006384,0.009034,0.00265,0.3777,2396,-8.6e-05,0.6657,-0.00041,0.6602,-0.026202,0.0953,-0.007486,0.3421
Oil,True,0.001264,0.009056,0.007792,0.0026,2387,0.00125,0.0396,-0.000232,0.8356,0.034507,0.2532,0.037874,0.0078
SPY,True,0.200892,0.202328,0.001436,0.881,1709,0.000193,0.5661,-0.000805,0.3776,0.004187,0.8477,-0.00533,0.6549
QQQ,False,0.203743,0.204891,0.001147,0.8666,1709,0.000313,0.434,-0.000715,0.5312,-0.008273,0.7552,-0.006849,0.5976
SP500_fut,False,0.010222,0.013385,0.003163,0.5354,2382,0.000254,0.498,0.000115,0.864,-0.021943,0.2935,-0.007849,0.2752
