asset,is_core,r2_base,r2_aug,delta_r2,f_pvalue,nobs,beta_FED_DELTA,p_FED_DELTA,beta_GDP_DELTA,p_GDP_DELTA,beta_UNEMPLOYMENT_DELTA,p_UNEMPLOYMENT_DELTA,beta_INF_MONTHLY_DELTA,p_INF_MONTHLY_DELTA
BTC,True,0.008666,0.011151,0.002485,0.5015,2408,-0.000241,0.7143,-0.000453,0.8279,-0.046915,0.2996,-0.016783,0.2078
Gold,True,0.006223,0.008847,0.002624,0.3651,2403,-0.000104,0.6012,-0.000393,0.6733,-0.026175,0.0944,-0.00743,0.3453
Oil,True,0.001248,0.009093,0.007845,0.0023,2394,0.001253,0.038,-0.000261,0.8157,0.033014,0.2703,0.0383,0.0071
SPY,True,0.200857,0.202233,0.001377,0.8864,1714,0.000186,0.5751,-0.000798,0.3814,0.003855,0.8588,-0.005178,0.663
QQQ,False,0.203637,0.204683,0.001046,0.882,1714,0.00029,0.4641,-0.000701,0.5392,-0.007178,0.7853,-0.007079,0.5856
SP500_fut,False,0.010219,0.013357,0.003138,0.5391,2389,0.00025,0.5013,0.000122,0.8559,-0.021965,0.2921,-0.00778,0.2789
