asset,is_core,r2_base,r2_aug,delta_r2,f_pvalue,nobs,beta_FED_DELTA,p_FED_DELTA,beta_GDP_DELTA,p_GDP_DELTA,beta_UNEMPLOYMENT_DELTA,p_UNEMPLOYMENT_DELTA,beta_INF_MONTHLY_DELTA,p_INF_MONTHLY_DELTA
BTC,True,0.008339,0.010551,0.002213,0.7702,2205,-0.000159,0.8263,-0.000563,0.7866,-0.047504,0.3117,-0.010787,0.4759
Gold,True,0.006853,0.010812,0.003959,0.3071,2208,-0.000187,0.3885,-0.000581,0.5362,-0.029535,0.0723,-0.006879,0.4902
Oil,True,0.00261,0.012273,0.009664,0.0361,2198,0.001402,0.0346,-9.8e-05,0.9294,0.043927,0.1779,0.031885,0.0649
SPY,True,0.202385,0.204074,0.00169,0.8849,1574,0.000204,0.5897,-0.00078,0.4011,0.006596,0.7783,-0.006744,0.5908
QQQ,False,0.207111,0.208871,0.00176,0.8242,1574,0.00039,0.3741,-0.000743,0.5201,0.002679,0.9223,-0.01091,0.4269
SP500_fut,False,0.011439,0.015276,0.003837,0.5326,2193,0.000174,0.666,0.00022,0.7419,-0.026002,0.2286,-0.007597,0.394
