pm_signal,asset,optimal_h,beta_optimal,p_optimal
FED_DELTA,Gold_chg,2,-0.00018296222810814202,0.08353186084716527
FED_DELTA,SPY_chg,3,0.0010834421001401726,0.04140467619063073
GDP_DELTA,Gold_chg,6,-0.0009988100090384676,0.07081127905058705
GDP_DELTA,Oil_chg,2,0.0018894047646705766,0.04277185304351792
UNEMPLOYMENT_DELTA,BTC_chg,3,-0.021319278581256665,0.09826487987576324
UNEMPLOYMENT_DELTA,Gold_chg,2,0.02607447470904963,0.08458700034428064
UNEMPLOYMENT_DELTA,SPY_chg,6,-0.03142001456701925,0.02959035270520308
