asset,is_core,r2_base,r2_aug,delta_r2,f_pvalue,nobs,beta_FED_DELTA,p_FED_DELTA,beta_GDP_DELTA,p_GDP_DELTA,beta_UNEMPLOYMENT_DELTA,p_UNEMPLOYMENT_DELTA,beta_INF_MONTHLY_DELTA,p_INF_MONTHLY_DELTA
BTC,True,0.007656,0.010434,0.002777,0.8126,1995,-4.3e-05,0.9549,-0.000603,0.7717,-0.045351,0.3534,-0.011096,0.4882
Gold,True,0.009672,0.014407,0.004734,0.3242,1991,-0.000117,0.6053,-0.000642,0.4982,-0.027951,0.0815,-0.009728,0.3226
Oil,True,0.002514,0.008442,0.005928,0.0854,1981,0.00123,0.0668,0.000194,0.8591,0.025469,0.4376,0.033789,0.0633
SPY,True,0.203029,0.204802,0.001773,0.8719,1419,0.000219,0.5837,-0.00084,0.3666,0.012127,0.6532,-0.004946,0.6897
QQQ,False,0.206487,0.208326,0.001838,0.8346,1419,0.000432,0.3498,-0.00085,0.4621,0.008975,0.7767,-0.008044,0.5476
SP500_fut,False,0.010549,0.015222,0.004673,0.5829,1976,0.000226,0.5888,0.000128,0.8468,-0.027283,0.2221,-0.006552,0.4804
