pm_signal,asset,optimal_h,beta_optimal,p_optimal
FED_DELTA,Gold_chg,2,-0.00031511767366574234,0.08813263419513398
FED_DELTA,SPY_chg,1,0.00102873443770805,0.04681177266729062
GDP_DELTA,Gold_chg,6,-0.0009853889276577492,0.0722561254975194
GDP_DELTA,Oil_chg,2,0.0019145628361613098,0.04011576578089721
INF_MONTHLY_DELTA,Gold_chg,2,-0.007432945594481638,0.06238474462068121
INF_MONTHLY_DELTA,Oil_chg,5,0.05069443594429178,0.014581159473084465
UNEMPLOYMENT_DELTA,BTC_chg,3,-0.023173783524581944,0.0867804083045178
UNEMPLOYMENT_DELTA,Gold_chg,2,0.021898383756865668,0.07018563402202636
UNEMPLOYMENT_DELTA,SPY_chg,6,-0.0320600169690488,0.027615891646800953
