pm_signal,asset,optimal_h,beta_optimal,p_optimal
FED_DELTA,Gold_chg,2,-0.0001809891252662918,0.08747670955031163
FED_DELTA,SPY_chg,3,0.001097239113843673,0.04081378761533791
GDP_DELTA,Gold_chg,6,-0.0009988100090384676,0.07081127905058705
GDP_DELTA,Oil_chg,2,0.0018894047646705766,0.04277185304351794
UNEMPLOYMENT_DELTA,BTC_chg,3,-0.021463345851253646,0.09680146353237558
UNEMPLOYMENT_DELTA,Gold_chg,2,0.026224835400917686,0.08482640164002996
UNEMPLOYMENT_DELTA,SPY_chg,6,-0.031330968356218694,0.030625189447184176
