asset,is_core,r2_base,r2_aug,delta_r2,f_pvalue,nobs,beta_FED_DELTA,p_FED_DELTA,beta_GDP_DELTA,p_GDP_DELTA,beta_UNEMPLOYMENT_DELTA,p_UNEMPLOYMENT_DELTA,beta_INF_MONTHLY_DELTA,p_INF_MONTHLY_DELTA
BTC,True,0.008443,0.011451,0.003007,0.8072,1974,-6.7e-05,0.9308,-0.000706,0.7349,-0.045051,0.3613,-0.011332,0.4801
Gold,True,0.007839,0.012511,0.004672,0.3197,1969,-9.4e-05,0.6768,-0.000623,0.513,-0.029295,0.0726,-0.009388,0.3366
Oil,True,0.00256,0.008699,0.006139,0.0796,1960,0.001262,0.0629,1.5e-05,0.9887,0.029842,0.338,0.033232,0.0668
SPY,True,0.210311,0.212277,0.001966,0.8147,1404,0.000224,0.5744,-0.00093,0.3163,0.017233,0.5339,-0.004396,0.7192
QQQ,False,0.21332,0.215255,0.001935,0.8149,1404,0.000434,0.3467,-0.000959,0.4054,0.01257,0.7021,-0.007225,0.5834
SP500_fut,False,0.01359,0.017925,0.004335,0.6235,1955,0.000201,0.6323,0.000144,0.8292,-0.02602,0.2407,-0.006334,0.4993
