asset,is_core,r2_base,r2_aug,delta_r2,f_pvalue,nobs,beta_FED_DELTA,p_FED_DELTA,beta_GDP_DELTA,p_GDP_DELTA,beta_UNEMPLOYMENT_DELTA,p_UNEMPLOYMENT_DELTA,beta_INF_MONTHLY_DELTA,p_INF_MONTHLY_DELTA
BTC,True,0.008689,0.011223,0.002534,0.4928,2394,-0.000243,0.7147,-0.000459,0.8258,-0.047626,0.2947,-0.016882,0.2054
Gold,True,0.006486,0.009123,0.002637,0.3803,2389,-8.5e-05,0.673,-0.000405,0.6643,-0.026132,0.0966,-0.007558,0.3376
Oil,True,0.001267,0.009152,0.007885,0.0025,2380,0.001276,0.0367,-0.000232,0.8356,0.034595,0.2522,0.037699,0.0081
SPY,True,0.200945,0.202356,0.001412,0.8816,1704,0.000194,0.5678,-0.000805,0.3774,0.004195,0.8474,-0.005301,0.657
QQQ,False,0.203778,0.204912,0.001134,0.8698,1704,0.000316,0.4349,-0.000716,0.531,-0.008163,0.7585,-0.006655,0.6077
SP500_fut,False,0.010246,0.01337,0.003125,0.5392,2375,0.000253,0.503,0.000118,0.8615,-0.021919,0.2941,-0.007813,0.2777
