asset,is_core,r2_base,r2_aug,delta_r2,f_pvalue,nobs,beta_FED_DELTA,p_FED_DELTA,beta_GDP_DELTA,p_GDP_DELTA,beta_UNEMPLOYMENT_DELTA,p_UNEMPLOYMENT_DELTA,beta_INF_MONTHLY_DELTA,p_INF_MONTHLY_DELTA
BTC,True,0.008875,0.010955,0.002081,0.7571,2324,-0.000172,0.8029,-0.000488,0.815,-0.04794,0.2953,-0.010724,0.4758
Gold,True,0.006381,0.008775,0.002394,0.4489,2319,-9.3e-05,0.6524,-0.000392,0.675,-0.027321,0.0858,-0.006065,0.5386
Oil,True,0.001599,0.008047,0.006447,0.0555,2310,0.001263,0.0438,-0.000124,0.9115,0.035665,0.241,0.0316,0.0665
SPY,True,0.200339,0.201745,0.001406,0.8805,1654,0.00021,0.5478,-0.000791,0.3863,0.006535,0.7644,-0.005075,0.675
QQQ,False,0.203033,0.204294,0.00126,0.8592,1654,0.000352,0.3927,-0.000695,0.5415,-0.002295,0.9303,-0.008626,0.5172
SP500_fut,False,0.0104,0.013934,0.003533,0.553,2305,0.000249,0.5234,0.000127,0.8507,-0.023183,0.2677,-0.008176,0.3555
