asset,is_core,r2_base,r2_aug,delta_r2,f_pvalue,nobs,beta_FED_DELTA,p_FED_DELTA,beta_GDP_DELTA,p_GDP_DELTA,beta_UNEMPLOYMENT_DELTA,p_UNEMPLOYMENT_DELTA,beta_INF_MONTHLY_DELTA,p_INF_MONTHLY_DELTA
BTC,True,0.008504,0.011597,0.003093,0.8053,1972,-7.2e-05,0.9258,-0.000711,0.7333,-0.046332,0.3513,-0.01099,0.4929
Gold,True,0.007837,0.012517,0.00468,0.3194,1967,-9.4e-05,0.6761,-0.000624,0.5121,-0.029366,0.0726,-0.009363,0.338
Oil,True,0.002562,0.008705,0.006143,0.08,1958,0.001263,0.0627,1.4e-05,0.99,0.030109,0.3352,0.033112,0.0678
SPY,True,0.210192,0.212157,0.001965,0.8136,1402,0.000224,0.574,-0.000929,0.3167,0.017517,0.5294,-0.00444,0.717
QQQ,False,0.213185,0.21512,0.001935,0.8137,1402,0.000434,0.3463,-0.000958,0.4058,0.012981,0.6943,-0.007293,0.5805
SP500_fut,False,0.013566,0.017912,0.004345,0.6222,1953,0.0002,0.633,0.000145,0.8272,-0.026201,0.2388,-0.006283,0.5031
