asset,is_core,r2_base,r2_aug,delta_r2,f_pvalue,nobs,beta_FED_DELTA,p_FED_DELTA,beta_GDP_DELTA,p_GDP_DELTA,beta_UNEMPLOYMENT_DELTA,p_UNEMPLOYMENT_DELTA,beta_INF_MONTHLY_DELTA,p_INF_MONTHLY_DELTA
BTC,True,0.007973,0.01033,0.002357,0.7762,2156,-8.5e-05,0.908,-0.00055,0.7913,-0.048461,0.3048,-0.010609,0.488
Gold,True,0.006238,0.009972,0.003734,0.2642,2151,-0.000109,0.6121,-0.000582,0.5349,-0.030008,0.0662,-0.010367,0.272
Oil,True,0.002957,0.013115,0.010158,0.0271,2142,0.00141,0.033,-6e-05,0.9572,0.042954,0.1883,0.034148,0.0499
SPY,True,0.204206,0.205701,0.001494,0.8951,1534,0.000207,0.5831,-0.000789,0.3985,0.007329,0.755,-0.005319,0.6628
QQQ,False,0.207687,0.209223,0.001536,0.8514,1534,0.000386,0.379,-0.000792,0.4941,0.004077,0.8823,-0.008533,0.5168
SP500_fut,False,0.012141,0.015927,0.003786,0.4991,2137,0.000179,0.6561,0.000195,0.7695,-0.026359,0.2192,-0.008121,0.3627
