pm_signal,asset,optimal_h,beta_optimal,p_optimal
FED_DELTA,Gold_chg,2,-0.00022390138665723152,0.037123138794007735
FED_DELTA,SPY_chg,1,0.0009691836546731576,0.05673305498816418
GDP_DELTA,BTC_chg,4,0.0009867934121125593,0.09437988600393721
GDP_DELTA,Gold_chg,6,-0.0011642252413341765,0.03791991967079522
GDP_DELTA,Oil_chg,2,0.00185165281719876,0.04825337366625715
INF_MONTHLY_DELTA,Oil_chg,5,0.04921882003484448,0.01732041965163842
UNEMPLOYMENT_DELTA,Gold_chg,2,0.022553222715160266,0.07622537358871156
UNEMPLOYMENT_DELTA,SPY_chg,6,-0.03165805613547262,0.03136430268122229
