pm_signal,asset,optimal_h,beta_optimal,p_optimal
FED_DELTA,Gold_chg,2,-0.00038135299402956927,0.04322971109610106
FED_DELTA,SPY_chg,1,0.001083132351228735,0.03959197422167588
GDP_DELTA,Gold_chg,6,-0.001128171041245903,0.04405408937204681
GDP_DELTA,Oil_chg,2,0.00175468182693175,0.05966384344675212
INF_MONTHLY_DELTA,Gold_chg,2,-0.007932971963552677,0.04367430762085964
INF_MONTHLY_DELTA,Oil_chg,5,0.048402699898559935,0.022011112901918286
UNEMPLOYMENT_DELTA,Gold_chg,2,0.022419375601579767,0.08338297688402992
UNEMPLOYMENT_DELTA,SPY_chg,6,-0.03198622801734853,0.03055583596344398
