asset,is_core,r2_base,r2_aug,delta_r2,f_pvalue,nobs,beta_FED_DELTA,p_FED_DELTA,beta_GDP_DELTA,p_GDP_DELTA,beta_UNEMPLOYMENT_DELTA,p_UNEMPLOYMENT_DELTA,beta_INF_MONTHLY_DELTA,p_INF_MONTHLY_DELTA
BTC,True,0.007619,0.01012,0.002501,0.8502,2014,-0.000175,0.8165,-0.000635,0.7579,-0.037073,0.4178,-0.010243,0.5111
Gold,True,0.009438,0.01402,0.004581,0.3886,2036,-0.000107,0.6307,-0.000586,0.5332,-0.024694,0.1115,-0.009848,0.315
Oil,True,0.002808,0.010421,0.007613,0.0592,2009,0.001387,0.0396,0.000205,0.8514,0.028565,0.385,0.033066,0.0682
SPY,True,0.202656,0.204344,0.001688,0.8627,1453,0.000214,0.5844,-0.000849,0.3622,0.010742,0.6567,-0.005603,0.6507
QQQ,False,0.208135,0.210002,0.001867,0.8133,1453,0.000419,0.3531,-0.000872,0.4495,0.00999,0.7249,-0.009152,0.4954
SP500_fut,False,0.009808,0.014539,0.004731,0.5213,2022,0.000212,0.6027,4.9e-05,0.9415,-0.02929,0.1861,-0.00677,0.4617
