pm_signal,asset,optimal_h,beta_optimal,p_optimal
FED_DELTA,Gold_chg,2,-0.0002120341955555944,0.04581447424984841
FED_DELTA,SPY_chg,3,0.0011233892144988302,0.05085645049547453
GDP_DELTA,BTC_chg,4,0.0009822056121546146,0.09611595408578436
GDP_DELTA,Gold_chg,6,-0.0010209673379332695,0.06524391923787011
GDP_DELTA,Oil_chg,2,0.0018548892065249549,0.0466420806538839
INF_MONTHLY_DELTA,Oil_chg,5,0.04900992576376418,0.01712531943407425
UNEMPLOYMENT_DELTA,Gold_chg,2,0.02619452810510115,0.08584717804406274
UNEMPLOYMENT_DELTA,SPY_chg,6,-0.03087817888304919,0.0354416642661791
