asset,is_core,r2_base,r2_aug,delta_r2,f_pvalue,nobs,beta_FED_DELTA,p_FED_DELTA,beta_GDP_DELTA,p_GDP_DELTA,beta_UNEMPLOYMENT_DELTA,p_UNEMPLOYMENT_DELTA,beta_INF_MONTHLY_DELTA,p_INF_MONTHLY_DELTA
BTC,True,0.007985,0.010076,0.002092,0.7652,2226,-0.00014,0.8472,-0.000537,0.7965,-0.048171,0.3065,-0.011001,0.468
Gold,True,0.005355,0.008532,0.003178,0.3317,2221,-0.000145,0.5004,-0.000484,0.6056,-0.029925,0.066,-0.006853,0.4877
Oil,True,0.002365,0.011181,0.008816,0.0305,2212,0.001414,0.0331,-0.000145,0.896,0.044421,0.1717,0.033116,0.0554
SPY,True,0.203476,0.205016,0.00154,0.8817,1584,0.000203,0.5904,-0.000763,0.4121,0.006715,0.7743,-0.007421,0.558
QQQ,False,0.208283,0.209883,0.0016,0.8217,1584,0.000382,0.3826,-0.000717,0.5353,0.003046,0.9118,-0.011649,0.4019
SP500_fut,False,0.011037,0.01478,0.003742,0.511,2207,0.000165,0.6831,0.000255,0.7032,-0.026153,0.2251,-0.007821,0.3777
