asset,is_core,r2_base,r2_aug,delta_r2,f_pvalue,nobs,beta_FED_DELTA,p_FED_DELTA,beta_GDP_DELTA,p_GDP_DELTA,beta_UNEMPLOYMENT_DELTA,p_UNEMPLOYMENT_DELTA,beta_INF_MONTHLY_DELTA,p_INF_MONTHLY_DELTA
BTC,True,0.00823,0.01036,0.00213,0.7798,2191,-0.000134,0.8536,-0.000538,0.7961,-0.04782,0.3093,-0.010448,0.494
Gold,True,0.005509,0.009045,0.003536,0.2668,2186,-0.000135,0.5284,-0.000568,0.5449,-0.02937,0.0713,-0.010276,0.2779
Oil,True,0.002765,0.012366,0.009601,0.0283,2177,0.001399,0.0346,-4.3e-05,0.9687,0.044009,0.1765,0.033977,0.0506
SPY,True,0.203335,0.204818,0.001483,0.9024,1559,0.000203,0.5905,-0.000758,0.4152,0.006555,0.7801,-0.00567,0.6447
QQQ,False,0.206673,0.20821,0.001537,0.8506,1559,0.000386,0.3799,-0.000743,0.5198,0.002536,0.9266,-0.009174,0.4912
SP500_fut,False,0.012569,0.01583,0.003261,0.5168,2172,0.000165,0.6823,0.000215,0.7469,-0.025782,0.2351,-0.008115,0.3633
