asset,is_core,r2_base,r2_aug,delta_r2,f_pvalue,nobs,beta_FED_DELTA,p_FED_DELTA,beta_GDP_DELTA,p_GDP_DELTA,beta_UNEMPLOYMENT_DELTA,p_UNEMPLOYMENT_DELTA,beta_INF_MONTHLY_DELTA,p_INF_MONTHLY_DELTA
BTC,True,0.008686,0.011085,0.002399,0.5131,2380,-0.000243,0.7156,-0.000453,0.8279,-0.047105,0.3005,-0.016514,0.2186
Gold,True,0.006476,0.00913,0.002654,0.3794,2375,-8.8e-05,0.6638,-0.000409,0.661,-0.026741,0.0916,-0.00721,0.3642
Oil,True,0.00125,0.008928,0.007679,0.0034,2366,0.001292,0.0348,-0.000217,0.8459,0.035013,0.2477,0.03631,0.0112
SPY,True,0.200842,0.202232,0.00139,0.8731,1694,0.000208,0.5405,-0.000807,0.3763,0.005593,0.7974,-0.005395,0.6571
QQQ,False,0.202952,0.204149,0.001197,0.8487,1694,0.000333,0.4101,-0.000721,0.5267,-0.00351,0.8934,-0.009168,0.4936
SP500_fut,False,0.010186,0.013469,0.003284,0.5289,2361,0.000256,0.498,0.000114,0.8657,-0.022466,0.2825,-0.007805,0.2822
