pm_signal,asset,optimal_h,beta_optimal,p_optimal
FED_DELTA,Gold_chg,2,-0.0003955854319759056,0.03674959540931422
FED_DELTA,Oil_chg,6,0.0005720228740916014,0.05584281619677056
FED_DELTA,SPY_chg,1,0.0011349180088450178,0.032536093393596185
GDP_DELTA,Gold_chg,6,-0.0009389419481486365,0.09048897859485927
GDP_DELTA,Oil_chg,2,0.0019700107950632643,0.03302690679560649
INF_MONTHLY_DELTA,Gold_chg,2,-0.007952140793740738,0.045225181567989825
INF_MONTHLY_DELTA,Oil_chg,5,0.04778982693891476,0.02812317752187758
UNEMPLOYMENT_DELTA,BTC_chg,3,-0.026614957832520297,0.08730605269335252
UNEMPLOYMENT_DELTA,SPY_chg,6,-0.0350757292807443,0.012810295766768318
