asset,is_core,r2_base,r2_aug,delta_r2,f_pvalue,nobs,beta_FED_DELTA,p_FED_DELTA,beta_GDP_DELTA,p_GDP_DELTA,beta_UNEMPLOYMENT_DELTA,p_UNEMPLOYMENT_DELTA,beta_INF_MONTHLY_DELTA,p_INF_MONTHLY_DELTA
BTC,True,0.008265,0.009837,0.001572,0.8518,2266,-0.00028,0.6883,-0.000555,0.7887,-0.032624,0.4492,-0.009604,0.5149
Gold,True,0.007545,0.010166,0.00262,0.5499,2295,-0.000105,0.6232,-0.000334,0.7208,-0.023994,0.1297,-0.006261,0.5281
Oil,True,0.001488,0.008709,0.007221,0.0583,2268,0.001285,0.0437,-3.7e-05,0.9733,0.031414,0.3347,0.032047,0.0632
SPY,True,0.198717,0.200015,0.001298,0.891,1638,0.000166,0.6441,-0.00075,0.4138,0.009331,0.6743,-0.005514,0.6512
QQQ,False,0.203358,0.20455,0.001193,0.8903,1638,0.000298,0.4798,-0.000668,0.5603,0.002548,0.9238,-0.009339,0.4874
SP500_fut,False,0.007588,0.011708,0.00412,0.4924,2281,0.000246,0.5306,6.2e-05,0.9273,-0.026883,0.2153,-0.008015,0.3616
