asset,is_core,r2_base,r2_aug,delta_r2,f_pvalue,nobs,beta_FED_DELTA,p_FED_DELTA,beta_GDP_DELTA,p_GDP_DELTA,beta_UNEMPLOYMENT_DELTA,p_UNEMPLOYMENT_DELTA,beta_INF_MONTHLY_DELTA,p_INF_MONTHLY_DELTA
BTC,True,0.007436,0.009308,0.001872,0.866,2084,-0.000135,0.8542,-0.00067,0.745,-0.034805,0.4399,-0.009739,0.5177
Gold,True,0.009049,0.012575,0.003525,0.3867,2113,-0.000105,0.6318,-0.00061,0.5164,-0.024189,0.1273,-0.010354,0.2781
Oil,True,0.002919,0.01267,0.00975,0.0439,2086,0.001401,0.0353,0.000167,0.8792,0.028915,0.3813,0.033459,0.0537
SPY,True,0.202774,0.204184,0.001411,0.8749,1508,0.000187,0.6197,-0.000832,0.372,0.009464,0.6936,-0.005741,0.6412
QQQ,False,0.208118,0.209674,0.001556,0.8377,1508,0.00037,0.398,-0.000843,0.4661,0.008704,0.7579,-0.009199,0.4912
SP500_fut,False,0.009165,0.013426,0.004261,0.469,2099,0.000222,0.58,4.3e-05,0.9485,-0.028318,0.2038,-0.008252,0.3528
