asset,is_core,r2_base,r2_aug,delta_r2,f_pvalue,nobs,beta_FED_DELTA,p_FED_DELTA,beta_GDP_DELTA,p_GDP_DELTA,beta_UNEMPLOYMENT_DELTA,p_UNEMPLOYMENT_DELTA,beta_INF_MONTHLY_DELTA,p_INF_MONTHLY_DELTA
BTC,True,0.008335,0.011005,0.00267,0.8207,2009,-7.5e-05,0.9218,-0.000558,0.7884,-0.044346,0.3588,-0.01081,0.4967
Gold,True,0.007256,0.011933,0.004676,0.3256,2004,-9.3e-05,0.6799,-0.000585,0.5351,-0.027961,0.0758,-0.009651,0.3227
Oil,True,0.003149,0.009413,0.006264,0.0822,1995,0.001236,0.0649,0.000158,0.8852,0.029907,0.3323,0.032645,0.0709
SPY,True,0.205683,0.207473,0.00179,0.8612,1429,0.000224,0.5743,-0.000858,0.3578,0.011455,0.66,-0.005653,0.6479
QQQ,False,0.209652,0.211485,0.001833,0.8139,1429,0.000433,0.3487,-0.00088,0.4458,0.008393,0.7833,-0.009269,0.4905
SP500_fut,False,0.013391,0.017312,0.003921,0.6008,1990,0.00019,0.65,0.000169,0.7989,-0.026361,0.2322,-0.006554,0.4814
