pm_signal,asset,optimal_h,beta_optimal,p_optimal
FED_DELTA,Gold_chg,2,-0.00031125300341375707,0.09287161227368922
FED_DELTA,SPY_chg,1,0.0010378721981000208,0.04507916900671506
GDP_DELTA,Gold_chg,6,-0.0009825191263365418,0.07605964127374203
GDP_DELTA,Oil_chg,2,0.0019558418214826174,0.03631765342234908
INF_MONTHLY_DELTA,Gold_chg,2,-0.00744170953487458,0.06033398219497085
INF_MONTHLY_DELTA,Oil_chg,5,0.04867637144636547,0.020859917701198813
UNEMPLOYMENT_DELTA,BTC_chg,3,-0.024230722086560037,0.08190411018355218
UNEMPLOYMENT_DELTA,Gold_chg,2,0.025811344990880926,0.09933579808239666
UNEMPLOYMENT_DELTA,SPY_chg,6,-0.032382170872996774,0.02693508805551207
