asset,is_core,r2_base,r2_aug,delta_r2,f_pvalue,nobs,beta_FED_DELTA,p_FED_DELTA,beta_GDP_DELTA,p_GDP_DELTA,beta_UNEMPLOYMENT_DELTA,p_UNEMPLOYMENT_DELTA,beta_INF_MONTHLY_DELTA,p_INF_MONTHLY_DELTA
BTC,True,0.009072,0.011086,0.002014,0.7743,2303,-0.000163,0.8148,-0.000484,0.8167,-0.047074,0.3066,-0.010425,0.4888
Gold,True,0.006341,0.008934,0.002593,0.4544,2298,-9.4e-05,0.6515,-0.000347,0.7104,-0.027385,0.085,-0.006006,0.5433
Oil,True,0.001829,0.008806,0.006977,0.0477,2289,0.001286,0.0417,-0.000117,0.9165,0.03954,0.2029,0.031476,0.0673
SPY,True,0.200583,0.201976,0.001393,0.8943,1639,0.000209,0.5523,-0.000746,0.416,0.00606,0.7832,-0.005408,0.6568
QQQ,False,0.204139,0.205615,0.001477,0.8467,1639,0.000365,0.3788,-0.000661,0.5636,-0.003172,0.9044,-0.009332,0.4874
SP500_fut,False,0.010493,0.014293,0.003799,0.5554,2284,0.000218,0.5753,0.000181,0.7888,-0.024139,0.2499,-0.007758,0.3811
