pm_signal,asset,optimal_h,beta_optimal,p_optimal
FED_DELTA,Gold_chg,2,-0.000313623874894441,0.08976971473000112
FED_DELTA,SPY_chg,1,0.0010106584251054185,0.048800930561095676
GDP_DELTA,Gold_chg,6,-0.0009710105327202825,0.07947765235360384
GDP_DELTA,Oil_chg,2,0.001852661517692594,0.04706046989653552
INF_MONTHLY_DELTA,Gold_chg,2,-0.0074877564181218305,0.06082844948310222
INF_MONTHLY_DELTA,Oil_chg,5,0.049692963593003334,0.01772395682445698
UNEMPLOYMENT_DELTA,BTC_chg,3,-0.023329715787668657,0.08552347274173538
UNEMPLOYMENT_DELTA,Gold_chg,2,0.025287279657539054,0.09592346861407364
UNEMPLOYMENT_DELTA,SPY_chg,6,-0.03174137978097639,0.03101414905619373
