asset,is_core,r2_base,r2_aug,delta_r2,f_pvalue,nobs,beta_FED_DELTA,p_FED_DELTA,beta_GDP_DELTA,p_GDP_DELTA,beta_UNEMPLOYMENT_DELTA,p_UNEMPLOYMENT_DELTA,beta_INF_MONTHLY_DELTA,p_INF_MONTHLY_DELTA
BTC,True,0.008134,0.010979,0.002845,0.8085,1988,-6.4e-05,0.9342,-0.000615,0.7675,-0.045839,0.3494,-0.01107,0.4887
Gold,True,0.007512,0.011992,0.004479,0.3479,1983,-8.5e-05,0.706,-0.000577,0.5422,-0.027797,0.0815,-0.009577,0.3278
Oil,True,0.002587,0.008638,0.006051,0.0742,1974,0.001241,0.0658,0.000202,0.8539,0.032316,0.3032,0.033654,0.0639
SPY,True,0.206557,0.208374,0.001816,0.8699,1414,0.000218,0.5866,-0.000847,0.3628,0.01188,0.6619,-0.005126,0.6791
QQQ,False,0.210042,0.211905,0.001864,0.8346,1414,0.000429,0.354,-0.000852,0.4607,0.008868,0.7808,-0.008276,0.5359
SP500_fut,False,0.013403,0.017796,0.004394,0.5959,1969,0.000204,0.627,0.000175,0.7929,-0.026662,0.2267,-0.00648,0.4888
