pm_signal,asset,optimal_h,beta_optimal,p_optimal
FED_DELTA,Gold_chg,2,-0.0003124413593498802,0.09129938334281001
FED_DELTA,SPY_chg,1,0.0010327817045023317,0.04600126772771828
GDP_DELTA,Gold_chg,6,-0.0009851076895314738,0.07537948517301173
GDP_DELTA,Oil_chg,2,0.0019284325318255173,0.03867018629995716
INF_MONTHLY_DELTA,Gold_chg,2,-0.007508433341882002,0.059755417525443534
INF_MONTHLY_DELTA,Oil_chg,5,0.0498153622292085,0.017434163328545256
UNEMPLOYMENT_DELTA,BTC_chg,3,-0.024226740688588776,0.08128088458605134
UNEMPLOYMENT_DELTA,Gold_chg,2,0.02528630438487751,0.09747548980939501
UNEMPLOYMENT_DELTA,SPY_chg,6,-0.032382170872996774,0.02693508805551207
