asset,is_core,r2_base,r2_aug,delta_r2,f_pvalue,nobs,beta_FED_DELTA,p_FED_DELTA,beta_GDP_DELTA,p_GDP_DELTA,beta_UNEMPLOYMENT_DELTA,p_UNEMPLOYMENT_DELTA,beta_INF_MONTHLY_DELTA,p_INF_MONTHLY_DELTA
BTC,True,0.008324,0.010699,0.002375,0.7884,2135,-9.7e-05,0.8953,-0.000524,0.8009,-0.047443,0.319,-0.010629,0.4882
Gold,True,0.006553,0.009975,0.003422,0.3099,2130,-9.8e-05,0.6491,-0.00059,0.5297,-0.02728,0.0855,-0.010533,0.268
Oil,True,0.003158,0.013068,0.009911,0.0336,2121,0.001384,0.0361,-5.5e-05,0.9604,0.037874,0.233,0.034021,0.0508
SPY,True,0.204407,0.205901,0.001494,0.8953,1519,0.000207,0.5836,-0.000782,0.4029,0.007175,0.7637,-0.005621,0.647
QQQ,False,0.208058,0.20961,0.001552,0.846,1519,0.000385,0.3806,-0.00079,0.4955,0.0043,0.8779,-0.009051,0.4955
SP500_fut,False,0.012227,0.015958,0.00373,0.5137,2116,0.000181,0.6532,0.000198,0.7666,-0.025863,0.2315,-0.008141,0.3623
