pm_signal,asset,optimal_h,beta_optimal,p_optimal
FED_DELTA,Gold_chg,2,-0.0003127943340481094,0.09088900492051541
FED_DELTA,SPY_chg,1,0.0010328378996105503,0.0459904326467354
GDP_DELTA,Gold_chg,6,-0.0009851076895314738,0.07537948517301173
GDP_DELTA,Oil_chg,2,0.0019324629343730332,0.0381252155136537
INF_MONTHLY_DELTA,Gold_chg,2,-0.007508433341882002,0.059755417525443534
INF_MONTHLY_DELTA,Oil_chg,5,0.04979430117675101,0.017474636257520132
UNEMPLOYMENT_DELTA,BTC_chg,3,-0.024112488659838623,0.082178551564301
UNEMPLOYMENT_DELTA,Gold_chg,2,0.02533250123799449,0.0972982408952832
UNEMPLOYMENT_DELTA,SPY_chg,6,-0.032382170872996774,0.02693508805551207
