pm_signal,asset,optimal_h,beta_optimal,p_optimal
FED_DELTA,Gold_chg,2,-0.0003400535440062857,0.06887773706444685
FED_DELTA,Oil_chg,6,0.0006311458229722286,0.04114834437714751
FED_DELTA,SPY_chg,1,0.0010767050294715147,0.0401265415516644
GDP_DELTA,Gold_chg,6,-0.0009871003640663666,0.07493547388408056
GDP_DELTA,Oil_chg,2,0.00180614833009371,0.05132048677392392
INF_MONTHLY_DELTA,Gold_chg,2,-0.008046951798447196,0.0431274468141273
INF_MONTHLY_DELTA,Oil_chg,5,0.04766913692590341,0.027637621521834497
UNEMPLOYMENT_DELTA,BTC_chg,3,-0.023653996277684376,0.08898087220376678
UNEMPLOYMENT_DELTA,SPY_chg,6,-0.03197917856202897,0.030912685228154924
