pm_signal,asset,optimal_h,beta_optimal,p_optimal
FED_DELTA,Gold_chg,2,-0.0003123192218961464,0.09171915636463768
FED_DELTA,SPY_chg,1,0.0010241991505425133,0.045930892137009786
GDP_DELTA,Gold_chg,6,-0.0011264132051612477,0.04425962071161298
GDP_DELTA,Oil_chg,2,0.0017832730286769243,0.05567318147839545
UNEMPLOYMENT_DELTA,Gold_chg,2,0.022419375601579767,0.08338297688402992
UNEMPLOYMENT_DELTA,SPY_chg,6,-0.03198622801734853,0.03055583596344398
