asset,is_core,r2_base,r2_aug,delta_r2,f_pvalue,nobs,beta_FED_DELTA,p_FED_DELTA,beta_GDP_DELTA,p_GDP_DELTA,beta_UNEMPLOYMENT_DELTA,p_UNEMPLOYMENT_DELTA,beta_INF_MONTHLY_DELTA,p_INF_MONTHLY_DELTA
BTC,True,0.008344,0.010467,0.002123,0.779,2205,-0.000138,0.8495,-0.000551,0.7912,-0.047827,0.3086,-0.010414,0.4951
Gold,True,0.007085,0.01092,0.003835,0.2443,2201,-0.000174,0.4225,-0.000602,0.5209,-0.02937,0.0722,-0.010304,0.2774
Oil,True,0.002497,0.012138,0.009641,0.0343,2180,0.001389,0.0369,-1e-05,0.9931,0.043136,0.1843,0.032978,0.0576
SPY,True,0.202085,0.203571,0.001486,0.8851,1569,0.000199,0.599,-0.000781,0.4007,0.006743,0.7735,-0.006779,0.5895
QQQ,False,0.206597,0.208239,0.001641,0.8259,1569,0.000387,0.378,-0.000743,0.5203,0.002792,0.9191,-0.010938,0.4264
SP500_fut,False,0.011667,0.01558,0.003913,0.4871,2186,0.000174,0.6679,0.000212,0.7505,-0.025824,0.2299,-0.008633,0.3337
