asset,is_core,r2_base,r2_aug,delta_r2,f_pvalue,nobs,beta_FED_DELTA,p_FED_DELTA,beta_GDP_DELTA,p_GDP_DELTA,beta_UNEMPLOYMENT_DELTA,p_UNEMPLOYMENT_DELTA,beta_INF_MONTHLY_DELTA,p_INF_MONTHLY_DELTA
BTC,True,0.007649,0.009867,0.002218,0.8622,2040,-8.3e-05,0.9141,-0.00065,0.7527,-0.033724,0.4521,-0.010979,0.4838
Gold,True,0.007529,0.010717,0.003188,0.3752,2060,-0.000114,0.6108,-0.000567,0.5469,-0.025854,0.1052,-0.009627,0.3241
Oil,True,0.003272,0.012706,0.009433,0.0572,2051,0.001262,0.0571,7.5e-05,0.9454,0.03381,0.2806,0.033924,0.0605
SPY,True,0.204868,0.206521,0.001653,0.8846,1469,0.000218,0.5826,-0.000827,0.3757,0.007367,0.7607,-0.005418,0.6594
QQQ,False,0.207331,0.209167,0.001835,0.8285,1471,0.00043,0.3507,-0.000811,0.4828,0.003748,0.8951,-0.009032,0.5009
SP500_fut,False,0.009516,0.013705,0.004189,0.5738,2048,0.000212,0.6121,0.000152,0.818,-0.026942,0.223,-0.006747,0.4641
