asset,is_core,r2_base,r2_aug,delta_r2,f_pvalue,nobs,beta_FED_DELTA,p_FED_DELTA,beta_GDP_DELTA,p_GDP_DELTA,beta_UNEMPLOYMENT_DELTA,p_UNEMPLOYMENT_DELTA,beta_INF_MONTHLY_DELTA,p_INF_MONTHLY_DELTA
BTC,True,0.00817,0.011072,0.002902,0.8491,1929,-0.000163,0.8331,-0.000809,0.696,-0.034611,0.4619,-0.011148,0.4791
Gold,True,0.010396,0.015486,0.00509,0.3483,1951,-0.000117,0.6106,-0.000661,0.4882,-0.027669,0.0937,-0.00959,0.327
Oil,True,0.002247,0.009754,0.007507,0.0483,1924,0.001385,0.0411,0.000173,0.8724,0.033677,0.3175,0.034377,0.0574
SPY,True,0.207743,0.209707,0.001964,0.7725,1392,0.000204,0.6086,-0.000896,0.3362,0.023488,0.3966,-0.00491,0.6914
QQQ,False,0.212401,0.21444,0.002039,0.79,1392,0.000423,0.3556,-0.00093,0.4216,0.021545,0.5142,-0.007529,0.5719
SP500_fut,False,0.010437,0.015625,0.005188,0.5307,1937,0.000222,0.5939,7e-06,0.9911,-0.030233,0.1899,-0.006645,0.4754
