pm_signal,asset,optimal_h,beta_optimal,p_optimal
FED_DELTA,Gold_chg,2,-0.00021448811497012433,0.044891757784514076
FED_DELTA,SPY_chg,1,0.0009910587193469591,0.05345329520153202
GDP_DELTA,Gold_chg,6,-0.0009874893099506882,0.0744076962539644
GDP_DELTA,Oil_chg,2,0.0019142816655037045,0.040201360745358974
INF_MONTHLY_DELTA,Oil_chg,5,0.04917463851143692,0.017464348679610466
UNEMPLOYMENT_DELTA,BTC_chg,3,-0.022802813618235232,0.08807100624734358
UNEMPLOYMENT_DELTA,Gold_chg,2,0.024523494803170655,0.09543366972466402
UNEMPLOYMENT_DELTA,SPY_chg,6,-0.0320600169690488,0.027615891646800943
