asset,is_core,r2_base,r2_aug,delta_r2,f_pvalue,nobs,beta_FED_DELTA,p_FED_DELTA,beta_GDP_DELTA,p_GDP_DELTA,beta_UNEMPLOYMENT_DELTA,p_UNEMPLOYMENT_DELTA,beta_INF_MONTHLY_DELTA,p_INF_MONTHLY_DELTA
BTC,True,0.008226,0.009758,0.001532,0.8615,2273,-0.000213,0.7594,-0.000559,0.7873,-0.032805,0.4459,-0.009726,0.5113
Gold,True,0.007514,0.010094,0.00258,0.5423,2302,-0.000104,0.622,-0.000333,0.7212,-0.024375,0.1254,-0.006171,0.534
Oil,True,0.001487,0.008907,0.00742,0.0544,2275,0.001294,0.0402,-3.3e-05,0.9767,0.031692,0.3311,0.032062,0.0628
SPY,True,0.198694,0.200057,0.001362,0.8853,1643,0.000192,0.5857,-0.00075,0.4133,0.009111,0.6809,-0.005447,0.6546
QQQ,False,0.203535,0.20499,0.001455,0.8611,1643,0.000353,0.3929,-0.000665,0.5617,0.00265,0.9206,-0.009441,0.483
SP500_fut,False,0.007587,0.011792,0.004204,0.4917,2288,0.000255,0.511,6e-05,0.9292,-0.026739,0.2166,-0.00802,0.3613
