pm_signal,asset,optimal_h,beta_optimal,p_optimal
FED_DELTA,Gold_chg,2,-0.00022398215727391902,0.037064149377652955
FED_DELTA,SPY_chg,1,0.0009895045833892707,0.053698272363132134
GDP_DELTA,Gold_chg,6,-0.0010131038965729715,0.06490983373329241
GDP_DELTA,Oil_chg,2,0.0018948214639489653,0.04220578579534983
INF_MONTHLY_DELTA,Oil_chg,5,0.049302233117359026,0.016993447407615984
UNEMPLOYMENT_DELTA,BTC_chg,3,-0.021895844623491385,0.09327128824594179
UNEMPLOYMENT_DELTA,Gold_chg,2,0.02202914676213711,0.07578443049209238
UNEMPLOYMENT_DELTA,SPY_chg,6,-0.0320600169690488,0.027615891646800943
