pm_signal,asset,optimal_h,beta_optimal,p_optimal
FED_DELTA,Gold_chg,2,-0.00031325023403555276,0.09028830316113862
FED_DELTA,SPY_chg,1,0.0010109243945700622,0.04876965598747697
GDP_DELTA,BTC_chg,4,0.0009771439961253835,0.09786312844121303
GDP_DELTA,Gold_chg,6,-0.0011243347326151509,0.044570926058057674
GDP_DELTA,Oil_chg,2,0.0018674620258055214,0.04636419965250937
INF_MONTHLY_DELTA,Gold_chg,2,-0.007526832989903931,0.0591515522933987
INF_MONTHLY_DELTA,Oil_chg,5,0.049768455444698545,0.017555042695283483
UNEMPLOYMENT_DELTA,Gold_chg,2,0.022729611096452787,0.08125013777888722
UNEMPLOYMENT_DELTA,SPY_chg,6,-0.031667021663006535,0.032567249132665156
