asset,is_core,r2_base,r2_aug,delta_r2,f_pvalue,nobs,beta_FED_DELTA,p_FED_DELTA,beta_GDP_DELTA,p_GDP_DELTA,beta_UNEMPLOYMENT_DELTA,p_UNEMPLOYMENT_DELTA,beta_INF_MONTHLY_DELTA,p_INF_MONTHLY_DELTA
BTC,True,0.008179,0.009636,0.001458,0.8422,2329,-0.000215,0.7546,-0.000569,0.7831,-0.033403,0.4329,-0.01039,0.4826
Gold,True,0.007953,0.010368,0.002414,0.5186,2358,-0.000116,0.5778,-0.000403,0.666,-0.024378,0.125,-0.006242,0.5282
Oil,True,0.001195,0.007469,0.006274,0.0613,2331,0.001273,0.0425,-2.1e-05,0.9849,0.029029,0.3633,0.032004,0.0635
SPY,True,0.199024,0.200405,0.001381,0.8526,1683,0.000206,0.5528,-0.000837,0.3577,0.008779,0.6856,-0.005191,0.6678
QQQ,False,0.203064,0.204337,0.001273,0.8401,1683,0.000365,0.3721,-0.000773,0.4965,0.001951,0.9405,-0.008726,0.5114
SP500_fut,False,0.007377,0.01127,0.003893,0.4885,2344,0.000284,0.4622,2e-06,0.9981,-0.025252,0.2383,-0.00847,0.334
