pm_signal,asset,optimal_h,beta_optimal,p_optimal
FED_DELTA,Gold_chg,2,-0.0003121074769849638,0.09184692300062812
FED_DELTA,SPY_chg,1,0.0010377065634492402,0.04503575991179251
GDP_DELTA,Gold_chg,6,-0.0009825191263365418,0.07605964127374203
GDP_DELTA,Oil_chg,2,0.0019976682172436343,0.033233639791022195
INF_MONTHLY_DELTA,Gold_chg,2,-0.007349625698984916,0.0638136677116564
INF_MONTHLY_DELTA,Oil_chg,5,0.048697883324911026,0.020793019726929825
UNEMPLOYMENT_DELTA,BTC_chg,3,-0.024243824520675514,0.08178371423305768
UNEMPLOYMENT_DELTA,Gold_chg,2,0.025811344990880926,0.09933579808239666
UNEMPLOYMENT_DELTA,SPY_chg,6,-0.032382170872996774,0.02693508805551207
