asset,is_core,r2_base,r2_aug,delta_r2,f_pvalue,nobs,beta_FED_DELTA,p_FED_DELTA,beta_GDP_DELTA,p_GDP_DELTA,beta_UNEMPLOYMENT_DELTA,p_UNEMPLOYMENT_DELTA,beta_INF_MONTHLY_DELTA,p_INF_MONTHLY_DELTA
BTC,True,0.00902,0.011103,0.002083,0.7706,2317,-0.000146,0.8326,-0.000488,0.8153,-0.047436,0.3014,-0.010517,0.4851
Gold,True,0.006375,0.008835,0.002461,0.4486,2312,-9.8e-05,0.6366,-0.000393,0.6741,-0.027325,0.0862,-0.005979,0.5446
Oil,True,0.001616,0.00817,0.006554,0.0551,2303,0.001269,0.0434,-0.000124,0.9112,0.035602,0.2421,0.031596,0.0664
SPY,True,0.200299,0.201697,0.001398,0.8821,1649,0.000205,0.5596,-0.000791,0.3864,0.006559,0.7635,-0.005124,0.6722
QQQ,False,0.203132,0.204376,0.001245,0.8559,1649,0.000356,0.3889,-0.000693,0.5426,-0.002231,0.9322,-0.008788,0.5104
SP500_fut,False,0.010429,0.013919,0.00349,0.5544,2298,0.000249,0.5245,0.000128,0.8497,-0.023129,0.2692,-0.008187,0.355
