pm_signal,asset,optimal_h,beta_optimal,p_optimal
FED_DELTA,Gold_chg,2,-0.00018268885885674082,0.08506891460450802
FED_DELTA,SPY_chg,3,0.001118554735076425,0.038720200251065776
GDP_DELTA,Gold_chg,6,-0.0009988100090384676,0.07081127905058705
GDP_DELTA,Oil_chg,2,0.0018894047646705766,0.04277185304351794
UNEMPLOYMENT_DELTA,BTC_chg,3,-0.021495660671260092,0.09659614785213222
UNEMPLOYMENT_DELTA,Gold_chg,2,0.026224835400917686,0.08482640164002996
UNEMPLOYMENT_DELTA,SPY_chg,6,-0.031330968356218694,0.030625189447184176
