pm_signal,asset,optimal_h,beta_optimal,p_optimal
FED_DELTA,Gold_chg,2,-0.00031348513837445123,0.08989980029805572
FED_DELTA,SPY_chg,1,0.001010933486212252,0.048766952958667294
GDP_DELTA,BTC_chg,4,0.0009771439961253835,0.09786312844121303
GDP_DELTA,Gold_chg,6,-0.0011243347326151509,0.044570926058057674
GDP_DELTA,Oil_chg,2,0.0018674620258055214,0.04636419965250937
INF_MONTHLY_DELTA,Gold_chg,2,-0.007498818018390687,0.060380532751821016
INF_MONTHLY_DELTA,Oil_chg,5,0.0497719381409339,0.017545448244087946
UNEMPLOYMENT_DELTA,Gold_chg,2,0.022702253119698697,0.0809529576976757
UNEMPLOYMENT_DELTA,SPY_chg,6,-0.03159824508426703,0.03283283700751659
