pm_signal,asset,optimal_h,beta_optimal,p_optimal
FED_DELTA,Gold_chg,2,-0.0003966045466292814,0.03635179394515037
FED_DELTA,SPY_chg,1,0.0010923660612910295,0.038197037610140074
GDP_DELTA,Gold_chg,6,-0.0011090116338309454,0.048015891191082564
GDP_DELTA,Oil_chg,2,0.0017024260584939327,0.06169024478047443
INF_MONTHLY_DELTA,Gold_chg,2,-0.008254289039460185,0.03701140922837628
INF_MONTHLY_DELTA,Oil_chg,5,0.04808742566972106,0.027284068560667608
UNEMPLOYMENT_DELTA,Oil_chg,5,-0.08633115025402546,0.09908773644968279
UNEMPLOYMENT_DELTA,SPY_chg,6,-0.03637801645710962,0.01006976602822749
