pm_signal,asset,optimal_h,beta_optimal,p_optimal
FED_DELTA,Gold_chg,2,-0.00018532411963249925,0.08104860597816516
FED_DELTA,SPY_chg,3,0.0011206674290910855,0.039293792744554794
GDP_DELTA,BTC_chg,4,0.0009731035995616583,0.09903154686161668
GDP_DELTA,Gold_chg,6,-0.00099705665708284,0.0713332132536023
GDP_DELTA,Oil_chg,2,0.0018742697283971495,0.04445827802587335
UNEMPLOYMENT_DELTA,Gold_chg,2,0.02619452810510115,0.08584717804406274
UNEMPLOYMENT_DELTA,SPY_chg,6,-0.03087817888304919,0.0354416642661791
