pm_signal,asset,optimal_h,beta_optimal,p_optimal
FED_DELTA,Gold_chg,2,-0.0003102847217447353,0.0939028986359331
FED_DELTA,SPY_chg,1,0.0010265390821707293,0.0454258236950091
GDP_DELTA,Gold_chg,6,-0.0011318228612865499,0.04334024725786426
GDP_DELTA,Oil_chg,2,0.0017641187402662377,0.058101674891668065
INF_MONTHLY_DELTA,Gold_chg,2,-0.007698319534359248,0.050881193779401056
INF_MONTHLY_DELTA,Oil_chg,5,0.048622775552698255,0.021178713864091446
UNEMPLOYMENT_DELTA,Gold_chg,2,0.022419375601579767,0.08338297688402985
UNEMPLOYMENT_DELTA,SPY_chg,6,-0.03198622801734853,0.030555835963444022
