pm_signal,asset,optimal_h,beta_optimal,p_optimal
FED_DELTA,Gold_chg,2,-0.00030819668530740024,0.09541844623826337
FED_DELTA,SPY_chg,1,0.0010180039379615736,0.0485300089451419
GDP_DELTA,Gold_chg,6,-0.0009872305188428244,0.07460987639529261
GDP_DELTA,Oil_chg,2,0.0019131459927025775,0.04025583002803293
INF_MONTHLY_DELTA,Oil_chg,5,0.04927265314756488,0.017322057662221692
UNEMPLOYMENT_DELTA,BTC_chg,3,-0.023176409516091748,0.08673108789549511
UNEMPLOYMENT_DELTA,Gold_chg,2,0.024523494803170655,0.09543366972466402
UNEMPLOYMENT_DELTA,SPY_chg,6,-0.0320600169690488,0.027615891646800953
