asset,is_core,r2_base,r2_aug,delta_r2,f_pvalue,nobs,beta_FED_DELTA,p_FED_DELTA,beta_GDP_DELTA,p_GDP_DELTA,beta_UNEMPLOYMENT_DELTA,p_UNEMPLOYMENT_DELTA,beta_INF_MONTHLY_DELTA,p_INF_MONTHLY_DELTA
BTC,True,0.008759,0.01122,0.002461,0.5069,2366,-0.000243,0.7163,-0.000482,0.8172,-0.047976,0.2939,-0.016527,0.2186
Gold,True,0.006442,0.009242,0.0028,0.3683,2361,-8.4e-05,0.6762,-0.000405,0.6643,-0.027348,0.0857,-0.00722,0.3638
Oil,True,0.001308,0.009322,0.008014,0.0032,2352,0.001303,0.0333,-0.00015,0.8924,0.035527,0.2429,0.036247,0.0112
SPY,True,0.200779,0.202277,0.001499,0.8599,1684,0.000223,0.5125,-0.000818,0.3685,0.006477,0.7662,-0.005413,0.6556
QQQ,False,0.203236,0.204594,0.001358,0.8321,1684,0.00036,0.3727,-0.000741,0.5141,-0.002363,0.9281,-0.009211,0.4908
SP500_fut,False,0.01018,0.013689,0.003509,0.5128,2347,0.000253,0.5038,0.000123,0.8555,-0.023195,0.2682,-0.007808,0.2821
