pm_signal,asset,optimal_h,beta_optimal,p_optimal
FED_DELTA,Gold_chg,2,-0.0003923609354295906,0.03835299931548366
FED_DELTA,Oil_chg,6,0.0005745647164519217,0.054868571656509886
FED_DELTA,SPY_chg,1,0.0011349180088450178,0.032536093393596185
GDP_DELTA,Gold_chg,6,-0.0009486913761011387,0.08700513522549283
GDP_DELTA,Oil_chg,2,0.0019118544646207728,0.03922880043905668
INF_MONTHLY_DELTA,Gold_chg,2,-0.007879546561233164,0.04719636682099822
INF_MONTHLY_DELTA,Oil_chg,5,0.047997112080834,0.027139568946233355
UNEMPLOYMENT_DELTA,BTC_chg,3,-0.02655420095314534,0.08735688548347467
UNEMPLOYMENT_DELTA,SPY_chg,6,-0.0350757292807443,0.012810295766768318
