asset,is_core,r2_base,r2_aug,delta_r2,f_pvalue,nobs,beta_FED_DELTA,p_FED_DELTA,beta_GDP_DELTA,p_GDP_DELTA,beta_UNEMPLOYMENT_DELTA,p_UNEMPLOYMENT_DELTA,beta_INF_MONTHLY_DELTA,p_INF_MONTHLY_DELTA
BTC,True,0.008265,0.009837,0.001572,0.8518,2266,-0.00028,0.6883,-0.000555,0.7887,-0.032624,0.4492,-0.009604,0.5149
Gold,True,0.007505,0.010135,0.002629,0.5492,2295,-0.000105,0.6214,-0.000333,0.7215,-0.024002,0.1295,-0.006264,0.528
Oil,True,0.001469,0.00878,0.007311,0.0595,2268,0.001279,0.0445,-3e-05,0.9788,0.031328,0.3361,0.03201,0.0634
SPY,True,0.198717,0.200015,0.001298,0.891,1638,0.000166,0.6441,-0.00075,0.4138,0.009331,0.6743,-0.005514,0.6512
QQQ,False,0.203358,0.20455,0.001193,0.8903,1638,0.000298,0.4798,-0.000668,0.5603,0.002548,0.9238,-0.009339,0.4874
SP500_fut,False,0.007574,0.011686,0.004112,0.4924,2281,0.000246,0.53,6.1e-05,0.9278,-0.026881,0.2154,-0.008014,0.3616
