asset,is_core,r2_base,r2_aug,delta_r2,f_pvalue,nobs,beta_FED_DELTA,p_FED_DELTA,beta_GDP_DELTA,p_GDP_DELTA,beta_UNEMPLOYMENT_DELTA,p_UNEMPLOYMENT_DELTA,beta_INF_MONTHLY_DELTA,p_INF_MONTHLY_DELTA
BTC,True,0.008167,0.010953,0.002786,0.7797,2072,-7.9e-05,0.917,-0.00056,0.7879,-0.049469,0.3046,-0.010416,0.4975
Gold,True,0.00738,0.010951,0.003572,0.3116,2067,-0.000105,0.6376,-0.000571,0.5452,-0.028002,0.0804,-0.010095,0.2853
Oil,True,0.003274,0.012693,0.009419,0.058,2058,0.001259,0.0587,0.000101,0.9268,0.03544,0.2596,0.032616,0.0611
SPY,True,0.205201,0.206863,0.001662,0.8792,1474,0.000226,0.5701,-0.000846,0.3651,0.006974,0.7729,-0.00537,0.6627
QQQ,False,0.208981,0.210761,0.00178,0.8206,1474,0.00043,0.3495,-0.000872,0.4506,0.003887,0.8909,-0.008839,0.508
SP500_fut,False,0.012782,0.016873,0.004091,0.533,2053,0.000195,0.6408,0.000179,0.7881,-0.026312,0.2269,-0.007642,0.3951
