asset,is_core,r2_base,r2_aug,delta_r2,f_pvalue,nobs,beta_FED_DELTA,p_FED_DELTA,beta_GDP_DELTA,p_GDP_DELTA,beta_UNEMPLOYMENT_DELTA,p_UNEMPLOYMENT_DELTA,beta_INF_MONTHLY_DELTA,p_INF_MONTHLY_DELTA
BTC,True,0.008216,0.01067,0.002453,0.7882,2128,-9.1e-05,0.9011,-0.000536,0.7968,-0.048297,0.3127,-0.01035,0.4992
Gold,True,0.006458,0.009916,0.003457,0.3071,2123,-9.9e-05,0.6453,-0.000594,0.5268,-0.027565,0.0837,-0.010437,0.2723
Oil,True,0.003157,0.013077,0.009921,0.0334,2114,0.001385,0.036,-5.3e-05,0.9621,0.037574,0.2371,0.034162,0.0499
SPY,True,0.204433,0.205926,0.001493,0.8957,1514,0.00021,0.5778,-0.000782,0.4035,0.006749,0.7783,-0.005639,0.6462
QQQ,False,0.208089,0.209633,0.001544,0.8454,1514,0.000386,0.3793,-0.000788,0.4966,0.003811,0.8922,-0.009066,0.4952
SP500_fut,False,0.012237,0.015952,0.003716,0.5229,2109,0.000179,0.657,0.000196,0.7683,-0.02586,0.2322,-0.007982,0.372
