pm_signal,asset,optimal_h,beta_optimal,p_optimal
FED_DELTA,Gold_chg,2,-0.00022257454363413867,0.03738077933132636
FED_DELTA,SPY_chg,3,0.0011266341311460908,0.05149438165776758
GDP_DELTA,BTC_chg,4,0.0010029069762310652,0.08922576989654779
GDP_DELTA,Gold_chg,6,-0.0011595503054540692,0.03849333610761293
GDP_DELTA,Oil_chg,2,0.0018076441106645068,0.053825558278474094
INF_MONTHLY_DELTA,Oil_chg,5,0.0492896814279534,0.01657428693558453
UNEMPLOYMENT_DELTA,Gold_chg,2,0.024683043020180328,0.07581480234050642
UNEMPLOYMENT_DELTA,Oil_chg,5,-0.0757506089795675,0.09337950454533704
UNEMPLOYMENT_DELTA,SPY_chg,6,-0.030379223211029035,0.044048723961290684
