asset,is_core,r2_base,r2_aug,delta_r2,f_pvalue,nobs,beta_FED_DELTA,p_FED_DELTA,beta_GDP_DELTA,p_GDP_DELTA,beta_UNEMPLOYMENT_DELTA,p_UNEMPLOYMENT_DELTA,beta_INF_MONTHLY_DELTA,p_INF_MONTHLY_DELTA
BTC,True,0.007915,0.010663,0.002748,0.8168,2002,-6.1e-05,0.937,-0.000614,0.7675,-0.044927,0.3565,-0.010853,0.495
Gold,True,0.007535,0.012129,0.004594,0.3237,1997,-9.3e-05,0.6776,-0.000596,0.5292,-0.028423,0.0757,-0.009656,0.3226
Oil,True,0.00256,0.00824,0.00568,0.0977,1988,0.001202,0.0727,0.000223,0.8389,0.025047,0.442,0.032889,0.069
SPY,True,0.206307,0.208063,0.001756,0.8697,1425,0.000211,0.5988,-0.000825,0.3754,0.012259,0.6471,-0.005757,0.6414
QQQ,False,0.212005,0.21378,0.001775,0.8262,1424,0.000421,0.3616,-0.000833,0.4717,0.00999,0.7501,-0.009344,0.4864
SP500_fut,False,0.013059,0.01741,0.004352,0.586,1983,0.000202,0.6284,0.000154,0.8169,-0.026874,0.2253,-0.006633,0.4752
