asset,is_core,r2_base,r2_aug,delta_r2,f_pvalue,nobs,beta_FED_DELTA,p_FED_DELTA,beta_GDP_DELTA,p_GDP_DELTA,beta_UNEMPLOYMENT_DELTA,p_UNEMPLOYMENT_DELTA,beta_INF_MONTHLY_DELTA,p_INF_MONTHLY_DELTA
BTC,True,0.007535,0.00992,0.002385,0.8572,2035,-0.000163,0.8267,-0.000635,0.758,-0.034869,0.4393,-0.010532,0.4991
Gold,True,0.009538,0.01294,0.003402,0.4213,2064,-0.000108,0.6241,-0.000581,0.5375,-0.024299,0.1279,-0.009558,0.3295
Oil,True,0.003037,0.012672,0.009636,0.0565,2037,0.001394,0.036,0.000182,0.8674,0.029062,0.3778,0.032733,0.0714
SPY,True,0.202697,0.204252,0.001554,0.877,1473,0.000183,0.6322,-0.000839,0.3682,0.009419,0.6949,-0.005531,0.6546
QQQ,False,0.208111,0.209787,0.001676,0.8333,1473,0.000375,0.3966,-0.000866,0.4536,0.008643,0.7594,-0.009215,0.4932
SP500_fut,False,0.009573,0.014013,0.004441,0.5419,2050,0.000209,0.602,5.2e-05,0.937,-0.028638,0.1988,-0.006748,0.4625
