pm_signal,asset,optimal_h,beta_optimal,p_optimal
FED_DELTA,Gold_chg,2,-0.0003834364769464994,0.04228260714787403
FED_DELTA,Oil_chg,6,0.0005494765196068457,0.06452600900230292
FED_DELTA,SPY_chg,1,0.0010999506677596606,0.03677246988202384
GDP_DELTA,Gold_chg,6,-0.0011162611246760433,0.048241828264448706
GDP_DELTA,Oil_chg,2,0.0017770867138286984,0.055456323170287106
INF_MONTHLY_DELTA,Gold_chg,2,-0.007597398034679099,0.057715153294638166
INF_MONTHLY_DELTA,Oil_chg,5,0.04737290011992187,0.028471783257631042
UNEMPLOYMENT_DELTA,Gold_chg,2,0.024914073460708723,0.0997710697570841
UNEMPLOYMENT_DELTA,SPY_chg,6,-0.032382170872996774,0.02693508805551207
