pm_signal,asset,optimal_h,beta_optimal,p_optimal
FED_DELTA,Gold_chg,2,-0.00018496050136570342,0.08025441096990595
FED_DELTA,SPY_chg,3,0.0010951573724992721,0.03939511465192563
GDP_DELTA,Gold_chg,6,-0.0009988100090384676,0.07081127905058705
GDP_DELTA,Oil_chg,2,0.0018894047646705766,0.04277185304351792
UNEMPLOYMENT_DELTA,BTC_chg,3,-0.021521936696850794,0.09555627016442436
UNEMPLOYMENT_DELTA,Gold_chg,2,0.026147957855031094,0.08437140102625858
UNEMPLOYMENT_DELTA,SPY_chg,6,-0.034623179227531053,0.012877611665770162
